logged_at,source,year,week,book,player_name,team,category,side,line,odds,model_prob,ev_pct,confidence,result,actual,profit,closing_snapshot,close_odds,clv_pct,close_fair_prob,ev_at_close
2026-09-16 23:37:58,ev_bets,2026,2,draftkings,Malik Washington,mia,receiving-yards,Over,27.5,-115,0.5634,5.34,,win,43.0,0.8696,market_comparison_20260920_1941.csv.gz,,,,
2026-09-16 23:37:58,ev_bets,2026,2,caesars,Saquon Barkley,phi,receptions,Over,1.5,-179,0.6598,2.83,,loss,1.0,-1.0,market_comparison_20260920_1643.csv.gz,,,0.6097,-4.98
2026-09-16 23:37:58,ev_bets,2026,2,draftkings,Greg Dulcich,mia,receiving-yards,Over,21.5,-108,0.5314,2.35,,loss,17.0,-1.0,market_comparison_20260920_1941.csv.gz,,,,
2026-09-16 23:37:58,ev_bets,2026,2,draftkings,Lamar Jackson,bal,pass-attempts,Under,28.5,-101,0.5136,2.22,,loss,31.0,-1.0,market_comparison_20260920_1643.csv.gz,,,,
2026-09-16 23:37:58,td_bets,2026,2,caesars,Bam Knight,ari,touchdowns,Over,0.5,2600,0.133,260.4,check,loss,0.0,-1.0,market_comparison_20260920_1941.csv.gz,3500.0,-25.0,,
2026-09-16 23:37:58,td_bets,2026,2,draftkings,Treylon Burks,was,touchdowns,Over,0.5,1500,0.146,134.0,check,loss,0.0,-1.0,market_comparison_20260920_1941.csv.gz,1600.0,-5.88,,
2026-09-16 23:37:58,td_bets,2026,2,draftkings,Brashard Smith,kan,touchdowns,Over,0.5,1400,0.145,117.7,check,loss,0.0,-1.0,market_comparison_20260920_2327.csv.gz,2000.0,-28.57,,
2026-09-16 23:37:58,td_bets,2026,2,caesars,Treylon Burks,was,touchdowns,Over,0.5,1300,0.146,104.8,check,loss,0.0,-1.0,market_comparison_20260920_1941.csv.gz,1700.0,-22.22,,
2026-09-16 23:37:58,td_bets,2026,2,caesars,John Metchie,car,touchdowns,Over,0.5,1200,0.155,101.8,check,loss,0.0,-1.0,market_comparison_20260920_1643.csv.gz,850.0,36.84,,
2026-09-16 23:37:58,td_bets,2026,2,draftkings,John Metchie,car,touchdowns,Over,0.5,1200,0.155,101.8,check,loss,0.0,-1.0,market_comparison_20260920_1643.csv.gz,850.0,36.84,,
2026-09-16 23:37:58,td_bets,2026,2,draftkings,Corey Kiner,nwe,touchdowns,Over,0.5,1700,0.111,99.3,check,loss,0.0,-1.0,market_comparison_20260920_1643.csv.gz,2200.0,-21.74,,
2026-09-16 23:37:58,td_bets,2026,2,draftkings,Greg Dortch,buf,touchdowns,Over,0.5,1400,0.122,82.7,check,loss,0.0,-1.0,market_comparison_20260916_2336.csv.gz,1400.0,0.0,,
2026-09-16 23:37:58,td_bets,2026,2,caesars,Brashard Smith,kan,touchdowns,Over,0.5,1100,0.145,74.2,check,loss,0.0,-1.0,market_comparison_20260920_2327.csv.gz,1900.0,-40.0,,
2026-09-16 23:37:58,td_bets,2026,2,draftkings,Rasheen Ali,bal,touchdowns,Over,0.5,2000,0.075,58.0,check,loss,0.0,-1.0,market_comparison_20260920_1643.csv.gz,1600.0,23.53,,
2026-09-16 23:37:58,td_bets,2026,2,caesars,Jahdae Walker,chi,touchdowns,Over,0.5,1000,0.14,54.3,clean,loss,0.0,-1.0,market_comparison_20260920_1643.csv.gz,900.0,10.0,,
2026-09-16 23:37:58,td_bets,2026,2,draftkings,Jahdae Walker,chi,touchdowns,Over,0.5,1000,0.14,54.3,clean,loss,0.0,-1.0,market_comparison_20260920_1643.csv.gz,950.0,4.76,,
2026-09-16 23:37:58,td_bets,2026,2,draftkings,Dawson Knox,buf,touchdowns,Over,0.5,550,0.237,54.1,clean,win,1.0,5.5,market_comparison_20260916_2336.csv.gz,550.0,0.0,,
2026-09-16 23:37:58,td_bets,2026,2,caesars,Konata Mumpfield,lar,touchdowns,Over,0.5,1600,0.086,46.0,clean,loss,0.0,-1.0,market_comparison_20260921_2344.csv.gz,500.0,183.33,,
2026-09-16 23:37:58,td_bets,2026,2,draftkings,Elic Ayomanor,ten,touchdowns,Over,0.5,850,0.153,45.3,clean,loss,0.0,-1.0,market_comparison_20260920_1643.csv.gz,850.0,0.0,,
2026-09-16 23:37:58,td_bets,2026,2,draftkings,Michael Burton,cle,touchdowns,Over,0.5,4500,0.032,45.3,check,loss,0.0,-1.0,market_comparison_20260920_1643.csv.gz,7500.0,-39.47,,
2026-09-16 23:37:58,td_bets,2026,2,caesars,Ja'Tavion Sanders,car,touchdowns,Over,0.5,1750,0.078,45.0,check,void,,0.0,market_comparison_20260920_1643.csv.gz,,,,
2026-09-16 23:37:58,td_bets,2026,2,draftkings,Ja'Tavion Sanders,car,touchdowns,Over,0.5,1700,0.078,41.1,check,void,,0.0,market_comparison_20260920_1643.csv.gz,900.0,80.0,,
2026-09-16 23:37:58,td_bets,2026,2,caesars,Elic Ayomanor,ten,touchdowns,Over,0.5,800,0.153,37.6,clean,loss,0.0,-1.0,market_comparison_20260920_1643.csv.gz,800.0,0.0,,
2026-09-16 23:37:58,td_bets,2026,2,caesars,Dawson Knox,buf,touchdowns,Over,0.5,475,0.237,36.3,clean,win,1.0,4.75,market_comparison_20260916_2336.csv.gz,475.0,0.0,,
2026-09-16 23:37:58,td_bets,2026,2,draftkings,Troy Franklin,den,touchdowns,Over,0.5,700,0.169,35.6,clean,loss,0.0,-1.0,market_comparison_20260920_1941.csv.gz,750.0,-5.88,,
2026-09-16 23:37:58,td_bets,2026,2,caesars,Troy Franklin,den,touchdowns,Over,0.5,700,0.169,35.6,clean,loss,0.0,-1.0,market_comparison_20260920_1941.csv.gz,750.0,-5.88,,
2026-09-16 23:37:58,td_bets,2026,2,caesars,Rasheen Ali,bal,touchdowns,Over,0.5,1700,0.075,35.4,check,loss,0.0,-1.0,market_comparison_20260920_1643.csv.gz,2100.0,-18.18,,
2026-09-16 23:37:58,td_bets,2026,2,draftkings,RJ Harvey,den,touchdowns,Over,0.5,245,0.389,34.4,clean,void,,0.0,market_comparison_20260920_1941.csv.gz,275.0,-8.0,,
2026-09-16 23:37:58,td_bets,2026,2,draftkings,Calvin Ridley,ten,touchdowns,Over,0.5,1000,0.122,34.2,clean,loss,0.0,-1.0,market_comparison_20260920_1643.csv.gz,950.0,4.76,,
2026-09-16 23:37:58,td_bets,2026,2,caesars,RJ Harvey,den,touchdowns,Over,0.5,240,0.389,32.4,clean,void,,0.0,market_comparison_20260920_1941.csv.gz,,,,
2026-09-16 23:37:58,td_bets,2026,2,draftkings,Harold Fannin,cle,touchdowns,Over,0.5,360,0.287,32.2,clean,loss,0.0,-1.0,market_comparison_20260920_1643.csv.gz,370.0,-2.13,,
2026-09-16 23:37:58,td_bets,2026,2,draftkings,Efton Chism,nwe,touchdowns,Over,0.5,2200,0.057,31.5,check,loss,0.0,-1.0,market_comparison_20260920_1643.csv.gz,2000.0,9.52,,
2026-09-16 23:37:58,td_bets,2026,2,draftkings,Baker Mayfield,tam,touchdowns,Over,0.5,600,0.187,31.0,clean,loss,0.0,-1.0,market_comparison_20260920_1643.csv.gz,600.0,0.0,,
2026-09-16 23:37:58,td_bets,2026,2,draftkings,Devin Singletary,nyg,touchdowns,Over,0.5,475,0.226,29.7,clean,loss,0.0,-1.0,market_comparison_20260921_2344.csv.gz,600.0,-17.86,,
2026-09-16 23:37:58,td_bets,2026,2,draftkings,Ryan Flournoy,dal,touchdowns,Over,0.5,400,0.254,27.0,clean,loss,0.0,-1.0,market_comparison_20260920_1941.csv.gz,330.0,16.28,,
2026-09-16 23:37:58,td_bets,2026,2,draftkings,Josh Oliver,min,touchdowns,Over,0.5,850,0.133,26.6,clean,loss,0.0,-1.0,market_comparison_20260920_1643.csv.gz,650.0,26.67,,
2026-09-16 23:37:58,td_bets,2026,2,caesars,Harold Fannin,cle,touchdowns,Over,0.5,340,0.287,26.4,clean,loss,0.0,-1.0,market_comparison_20260920_1643.csv.gz,350.0,-2.22,,
2026-09-16 23:37:58,td_bets,2026,2,draftkings,Raheim Sanders,cle,touchdowns,Over,0.5,750,0.148,25.4,clean,loss,0.0,-1.0,market_comparison_20260920_1643.csv.gz,750.0,0.0,,
2026-09-16 23:37:58,td_bets,2026,2,draftkings,Dallas Goedert,phi,touchdowns,Over,0.5,215,0.397,25.1,clean,loss,0.0,-1.0,market_comparison_20260920_1643.csv.gz,205.0,3.28,,
2026-09-16 23:37:58,td_bets,2026,2,draftkings,Justin Herbert,lac,touchdowns,Over,0.5,450,0.223,22.5,clean,loss,0.0,-1.0,market_comparison_20260920_1941.csv.gz,450.0,0.0,,
2026-09-16 23:37:58,td_bets,2026,2,caesars,Corey Kiner,nwe,touchdowns,Over,0.5,1000,0.111,21.8,check,loss,0.0,-1.0,market_comparison_20260920_1643.csv.gz,2000.0,-47.62,,
2026-09-16 23:37:58,td_bets,2026,2,caesars,Dallas Goedert,phi,touchdowns,Over,0.5,205,0.397,21.1,clean,loss,0.0,-1.0,market_comparison_20260920_1643.csv.gz,200.0,1.67,,
2026-09-16 23:37:58,td_bets,2026,2,draftkings,Kendre Miller,nor,touchdowns,Over,0.5,650,0.161,20.8,clean,void,,0.0,market_comparison_20260920_1643.csv.gz,850.0,-21.05,,
2026-09-16 23:37:58,td_bets,2026,2,caesars,Josh Oliver,min,touchdowns,Over,0.5,800,0.133,20.0,clean,loss,0.0,-1.0,market_comparison_20260920_1643.csv.gz,625.0,24.14,,
2026-09-16 23:37:58,td_bets,2026,2,draftkings,Dalton Schultz,hou,touchdowns,Over,0.5,320,0.283,19.0,clean,loss,0.0,-1.0,market_comparison_20260920_1643.csv.gz,225.0,29.23,,
2026-09-16 23:37:58,td_bets,2026,2,caesars,Devin Singletary,nyg,touchdowns,Over,0.5,425,0.226,18.4,clean,loss,0.0,-1.0,market_comparison_20260921_2344.csv.gz,550.0,-19.23,,
2026-09-16 23:37:58,td_bets,2026,2,caesars,Raheim Sanders,cle,touchdowns,Over,0.5,700,0.148,18.0,clean,loss,0.0,-1.0,market_comparison_20260920_1643.csv.gz,800.0,-11.11,,
2026-09-16 23:37:58,td_bets,2026,2,draftkings,Chimere Dike,ten,touchdowns,Over,0.5,1200,0.091,18.0,check,loss,0.0,-1.0,market_comparison_20260920_1643.csv.gz,1400.0,-13.33,,
2026-09-16 23:37:58,td_bets,2026,2,draftkings,Evan Engram,den,touchdowns,Over,0.5,380,0.246,17.9,clean,loss,0.0,-1.0,market_comparison_20260920_1941.csv.gz,360.0,4.35,,
2026-09-16 23:37:58,td_bets,2026,2,draftkings,Pat Freiermuth,pit,touchdowns,Over,0.5,550,0.181,17.6,clean,loss,0.0,-1.0,market_comparison_20260920_1643.csv.gz,390.0,32.65,,
2026-09-16 23:37:58,td_bets,2026,2,draftkings,Patrick Mahomes,kan,touchdowns,Over,0.5,350,0.259,16.6,clean,loss,0.0,-1.0,market_comparison_20260920_2327.csv.gz,320.0,7.14,,
2026-09-16 23:37:58,td_bets,2026,2,caesars,Calvin Ridley,ten,touchdowns,Over,0.5,850,0.122,15.9,clean,loss,0.0,-1.0,market_comparison_20260920_1643.csv.gz,800.0,5.56,,
2026-09-16 23:37:58,td_bets,2026,2,caesars,Michael Wilson,ari,touchdowns,Over,0.5,370,0.245,15.4,clean,loss,0.0,-1.0,market_comparison_20260920_1941.csv.gz,360.0,2.17,,
2026-09-16 23:37:58,td_bets,2026,2,draftkings,Colby Parkinson,lar,touchdowns,Over,0.5,310,0.281,15.2,clean,loss,0.0,-1.0,market_comparison_20260921_2344.csv.gz,250.0,17.14,,
2026-09-16 23:37:58,td_bets,2026,2,draftkings,Theo Johnson,nyg,touchdowns,Over,0.5,750,0.135,14.6,clean,loss,0.0,-1.0,market_comparison_20260921_2344.csv.gz,800.0,-5.56,,
2026-09-16 23:37:58,td_bets,2026,2,caesars,Theo Johnson,nyg,touchdowns,Over,0.5,750,0.135,14.6,clean,loss,0.0,-1.0,market_comparison_20260921_2344.csv.gz,800.0,-5.56,,
2026-09-16 23:37:58,td_bets,2026,2,caesars,Ryan Flournoy,dal,touchdowns,Over,0.5,350,0.254,14.3,clean,loss,0.0,-1.0,market_comparison_20260920_1941.csv.gz,340.0,2.27,,
2026-09-16 23:37:58,td_bets,2026,2,draftkings,Justice Hill,bal,touchdowns,Over,0.5,425,0.217,14.1,clean,loss,0.0,-1.0,market_comparison_20260920_1643.csv.gz,425.0,0.0,,
2026-09-16 23:37:58,td_bets,2026,2,caesars,Colby Parkinson,lar,touchdowns,Over,0.5,305,0.281,13.8,clean,loss,0.0,-1.0,market_comparison_20260921_2344.csv.gz,240.0,19.12,,
2026-09-16 23:37:58,td_bets,2026,2,draftkings,Noah Gray,kan,touchdowns,Over,0.5,850,0.119,13.5,clean,loss,0.0,-1.0,market_comparison_20260920_2327.csv.gz,600.0,35.71,,
2026-09-16 23:37:58,td_bets,2026,2,caesars,Pat Freiermuth,pit,touchdowns,Over,0.5,525,0.181,13.0,clean,loss,0.0,-1.0,market_comparison_20260920_1643.csv.gz,380.0,30.21,,
2026-09-16 23:37:58,td_bets,2026,2,draftkings,Michael Wilson,ari,touchdowns,Over,0.5,360,0.245,12.9,clean,loss,0.0,-1.0,market_comparison_20260920_1941.csv.gz,370.0,-2.13,,
2026-09-16 23:37:58,td_bets,2026,2,caesars,Isaiah Davis,nyj,touchdowns,Over,0.5,1200,0.087,12.6,check,loss,0.0,-1.0,market_comparison_20260920_1643.csv.gz,1100.0,8.33,,
2026-09-16 23:37:58,td_bets,2026,2,caesars,Emanuel Wilson,sea,touchdowns,Over,0.5,800,0.125,12.4,check,loss,0.0,-1.0,market_comparison_20260920_1941.csv.gz,650.0,20.0,,
2026-09-16 23:37:58,td_bets,2026,2,draftkings,Brock Purdy,sfo,touchdowns,Over,0.5,380,0.234,12.2,clean,win,1.0,3.8,market_comparison_20260920_1941.csv.gz,300.0,20.0,,
2026-09-16 23:37:58,td_bets,2026,2,draftkings,Rashee Rice,kan,touchdowns,Over,0.5,155,0.44,12.1,clean,loss,0.0,-1.0,market_comparison_20260920_2327.csv.gz,155.0,0.0,,
2026-09-16 23:37:58,td_bets,2026,2,draftkings,Caleb Williams,chi,touchdowns,Over,0.5,350,0.249,11.8,clean,loss,0.0,-1.0,market_comparison_20260920_1643.csv.gz,360.0,-2.17,,
2026-09-16 23:37:58,td_bets,2026,2,draftkings,Jalen Coker,car,touchdowns,Over,0.5,280,0.294,11.7,clean,loss,0.0,-1.0,market_comparison_20260920_1643.csv.gz,255.0,7.04,,
2026-09-16 23:37:58,td_bets,2026,2,caesars,Justin Herbert,lac,touchdowns,Over,0.5,400,0.223,11.3,clean,loss,0.0,-1.0,market_comparison_20260920_1941.csv.gz,450.0,-9.09,,
2026-09-16 23:37:58,td_bets,2026,2,draftkings,Brock Wright,det,touchdowns,Over,0.5,1100,0.093,11.2,clean,loss,0.0,-1.0,market_comparison_20260916_2336.csv.gz,1100.0,0.0,,
2026-09-16 23:37:58,td_bets,2026,2,draftkings,Ty Johnson,buf,touchdowns,Over,0.5,390,0.227,11.1,check,void,,0.0,market_comparison_20260916_2336.csv.gz,390.0,0.0,,
2026-09-16 23:37:58,td_bets,2026,2,draftkings,Dyami Brown,was,touchdowns,Over,0.5,1300,0.079,10.6,check,loss,0.0,-1.0,market_comparison_20260920_1941.csv.gz,800.0,55.56,,
2026-09-16 23:37:58,td_bets,2026,2,caesars,Dalton Schultz,hou,touchdowns,Over,0.5,290,0.283,10.5,clean,loss,0.0,-1.0,market_comparison_20260920_1643.csv.gz,240.0,14.71,,
2026-09-16 23:37:58,td_bets,2026,2,draftkings,Kyle Pitts,atl,touchdowns,Over,0.5,350,0.243,9.6,clean,loss,0.0,-1.0,market_comparison_20260920_1643.csv.gz,380.0,-6.25,,
2026-09-16 23:37:58,td_bets,2026,2,caesars,Chimere Dike,ten,touchdowns,Over,0.5,1100,0.091,8.9,check,loss,0.0,-1.0,market_comparison_20260920_1643.csv.gz,1300.0,-14.29,,
2026-09-16 23:37:58,td_bets,2026,2,caesars,Patrick Mahomes,kan,touchdowns,Over,0.5,320,0.259,8.8,clean,loss,0.0,-1.0,market_comparison_20260920_2327.csv.gz,325.0,-1.18,,
2026-09-16 23:37:58,td_bets,2026,2,draftkings,Jonnu Smith,gnb,touchdowns,Over,0.5,700,0.136,8.6,check,loss,0.0,-1.0,market_comparison_20260920_1643.csv.gz,650.0,6.67,,
2026-09-16 23:37:58,td_bets,2026,2,draftkings,Samaje Perine,cin,touchdowns,Over,0.5,500,0.178,6.8,clean,loss,0.0,-1.0,market_comparison_20260920_1643.csv.gz,700.0,-25.0,,
2026-09-16 23:37:58,td_bets,2026,2,caesars,Evan Engram,den,touchdowns,Over,0.5,330,0.246,5.7,clean,loss,0.0,-1.0,market_comparison_20260920_1941.csv.gz,330.0,0.0,,
2026-09-16 23:37:58,td_bets,2026,2,caesars,Kyle Pitts,atl,touchdowns,Over,0.5,330,0.243,4.7,clean,loss,0.0,-1.0,market_comparison_20260920_1643.csv.gz,360.0,-6.52,,
2026-09-16 23:37:58,td_bets,2026,2,draftkings,Bryce Young,car,touchdowns,Over,0.5,450,0.19,4.7,clean,loss,0.0,-1.0,market_comparison_20260920_1643.csv.gz,390.0,12.24,,
2026-09-16 23:37:58,td_bets,2026,2,draftkings,T.J. Hockenson,min,touchdowns,Over,0.5,390,0.213,4.6,clean,loss,0.0,-1.0,market_comparison_20260920_1643.csv.gz,340.0,11.36,,
2026-09-16 23:37:58,td_bets,2026,2,caesars,Justice Hill,bal,touchdowns,Over,0.5,380,0.217,4.3,clean,loss,0.0,-1.0,market_comparison_20260920_1643.csv.gz,425.0,-8.57,,
2026-09-16 23:37:58,td_bets,2026,2,draftkings,Aaron Rodgers,pit,touchdowns,Over,0.5,1700,0.058,4.2,clean,loss,0.0,-1.0,market_comparison_20260920_1643.csv.gz,1900.0,-10.0,,
2026-09-16 23:37:58,td_bets,2026,2,caesars,Rashee Rice,kan,touchdowns,Over,0.5,137,0.44,4.2,clean,loss,0.0,-1.0,market_comparison_20260920_2327.csv.gz,152.0,-5.95,,
2026-09-16 23:37:58,td_bets,2026,2,caesars,British Brooks,hou,touchdowns,Over,0.5,3500,0.029,4.1,check,loss,0.0,-1.0,market_comparison_20260920_1643.csv.gz,2900.0,20.0,,
2026-09-16 23:37:58,td_bets,2026,2,draftkings,Greg Dulcich,mia,touchdowns,Over,0.5,600,0.148,3.7,clean,loss,0.0,-1.0,market_comparison_20260920_1941.csv.gz,650.0,-6.67,,
2026-09-16 23:37:58,td_bets,2026,2,draftkings,Wan'Dale Robinson,ten,touchdowns,Over,0.5,425,0.196,2.9,check,loss,0.0,-1.0,market_comparison_20260920_1643.csv.gz,380.0,9.38,,
2026-09-16 23:37:58,td_bets,2026,2,draftkings,Darnell Mooney,nyg,touchdowns,Over,0.5,850,0.108,2.8,check,loss,0.0,-1.0,market_comparison_20260921_2344.csv.gz,700.0,18.75,,
2026-09-16 23:37:58,td_bets,2026,2,caesars,Jaxon Smith-Njigba,sea,touchdowns,Over,0.5,124,0.457,2.3,clean,win,3.0,1.24,market_comparison_20260920_1941.csv.gz,136.0,-5.08,,
2026-09-16 23:37:58,td_bets,2026,2,draftkings,Josh Downs,ind,touchdowns,Over,0.5,340,0.233,2.3,clean,loss,0.0,-1.0,market_comparison_20260920_2327.csv.gz,370.0,-6.38,,
2026-09-16 23:37:58,td_bets,2026,2,caesars,Mason Taylor,nyj,touchdowns,Over,0.5,450,0.186,2.1,clean,loss,0.0,-1.0,market_comparison_20260920_1643.csv.gz,475.0,-4.35,,
2026-09-16 23:37:58,td_bets,2026,2,draftkings,AJ Barner,sea,touchdowns,Over,0.5,290,0.261,1.9,clean,win,1.0,2.9,market_comparison_20260920_1941.csv.gz,320.0,-7.14,,
2026-09-16 23:37:58,td_bets,2026,2,caesars,AJ Barner,sea,touchdowns,Over,0.5,290,0.261,1.9,clean,win,1.0,2.9,market_comparison_20260920_1941.csv.gz,305.0,-3.7,,
2026-09-16 23:37:58,td_bets,2026,2,caesars,Brock Wright,det,touchdowns,Over,0.5,1000,0.093,1.9,clean,loss,0.0,-1.0,market_comparison_20260916_2336.csv.gz,1000.0,0.0,,
2026-09-16 23:37:58,td_bets,2026,2,draftkings,Dalton Kincaid,buf,touchdowns,Over,0.5,185,0.357,1.8,clean,win,1.0,1.85,market_comparison_20260916_2336.csv.gz,185.0,0.0,,
2026-09-16 23:37:58,td_bets,2026,2,caesars,Jalen Coker,car,touchdowns,Over,0.5,245,0.294,1.4,clean,loss,0.0,-1.0,market_comparison_20260920_1643.csv.gz,250.0,-1.43,,
2026-09-16 23:37:58,td_bets,2026,2,draftkings,Dak Prescott,dal,touchdowns,Over,0.5,700,0.126,1.2,clean,loss,0.0,-1.0,market_comparison_20260920_1941.csv.gz,500.0,33.33,,
2026-09-16 23:37:58,td_bets,2026,2,caesars,Caleb Williams,chi,touchdowns,Over,0.5,305,0.249,0.7,clean,loss,0.0,-1.0,market_comparison_20260920_1643.csv.gz,325.0,-4.71,,
2026-09-16 23:37:58,td_bets,2026,2,draftkings,Jaxon Smith-Njigba,sea,touchdowns,Over,0.5,120,0.457,0.5,clean,win,3.0,1.2,market_comparison_20260920_1941.csv.gz,140.0,-8.33,,
2026-09-16 23:37:58,td_bets,2026,2,caesars,Keon Coleman,buf,touchdowns,Over,0.5,400,0.201,0.3,clean,loss,0.0,-1.0,market_comparison_20260916_2336.csv.gz,400.0,0.0,,
2026-09-16 23:37:58,td_bets,2026,2,draftkings,Keon Coleman,buf,touchdowns,Over,0.5,400,0.201,0.3,clean,loss,0.0,-1.0,market_comparison_20260916_2336.csv.gz,400.0,0.0,,
2026-09-16 23:37:58,td_bets,2026,2,caesars,T.J. Hockenson,min,touchdowns,Over,0.5,370,0.213,0.3,clean,loss,0.0,-1.0,market_comparison_20260920_1643.csv.gz,330.0,9.3,,
2026-09-16 23:37:58,td_bets,2026,2,draftkings,Khalil Shakir,buf,touchdowns,Over,0.5,225,0.308,0.1,clean,loss,0.0,-1.0,market_comparison_20260916_2336.csv.gz,225.0,0.0,,
2026-09-16 23:37:58,td_bets,2026,2,caesars,Greg Dulcich,mia,touchdowns,Over,0.5,575,0.148,0.0,clean,loss,0.0,-1.0,market_comparison_20260920_1941.csv.gz,575.0,0.0,,
2026-09-16 23:37:58,low_line_props,2026,2,caesars,Keon Coleman,buf,receptions,Over,1.5,147,0.523,29.2,,win,6.0,1.47,market_comparison_20260916_2336.csv.gz,147.0,0.0,0.3797,-6.2
2026-09-16 23:37:58,low_line_props,2026,2,caesars,Saquon Barkley,phi,receptions,Under,1.5,136,0.528,24.6,,win,1.0,1.36,market_comparison_20260920_1643.csv.gz,,,0.3903,-7.88
2026-09-16 23:37:58,low_line_props,2026,2,draftkings,Keon Coleman,buf,receptions,Over,1.5,136,0.521,23.0,,win,6.0,1.36,market_comparison_20260916_2336.csv.gz,136.0,0.0,0.3797,-10.38
2026-09-16 23:37:58,low_line_props,2026,2,caesars,Dawson Knox,buf,receptions,Over,1.5,123,0.482,7.4,,win,2.0,1.23,market_comparison_20260916_2336.csv.gz,123.0,0.0,0.425,-5.22
2026-09-16 23:37:58,low_line_props,2026,2,draftkings,Dawson Knox,buf,receptions,Over,1.5,122,0.48,6.6,,win,2.0,1.22,market_comparison_20260916_2336.csv.gz,122.0,0.0,0.425,-5.64
2026-09-16 23:37:58,low_line_props,2026,2,caesars,MarShawn Lloyd,gnb,receptions,Under,1.5,-143,0.611,3.8,,loss,2.0,-1.0,market_comparison_20260920_1643.csv.gz,-179.0,9.02,0.6017,2.25
2026-09-20 17:06:37,ev_bets,2026,2,draftkings,Davante Adams,lar,receptions,Under,5.5,-153,0.6922,14.47,,loss,8.0,-1.0,market_comparison_20260921_2344.csv.gz,-141.0,-3.25,0.5575,-7.81
2026-09-20 17:06:37,ev_bets,2026,2,draftkings,Mike Washington,lvr,rushing-yards,Over,15.5,-116,0.5653,5.27,,loss,7.0,-1.0,market_comparison_20260920_1941.csv.gz,,,,
2026-09-20 17:06:37,ev_bets,2026,2,draftkings,Alec Pierce,ind,receiving-yards,Over,41.5,-113,0.5533,4.29,,loss,11.0,-1.0,market_comparison_20260920_2327.csv.gz,,,,
2026-09-20 17:06:37,ev_bets,2026,2,caesars,Jacory Croskey-Merritt,was,rush-attempts,Over,12.5,100,0.5186,3.72,,loss,12.0,-1.0,market_comparison_20260920_1941.csv.gz,100.0,0.0,0.5,0.0
2026-09-20 17:06:37,ev_bets,2026,2,draftkings,Jadarian Price,sea,rushing-and-receiving-yards,Under,77.5,-115,0.551,3.01,,win,60.0,0.8696,market_comparison_20260920_1941.csv.gz,-115.0,0.0,,
2026-09-20 17:06:37,ev_bets,2026,2,draftkings,Deebo Samuel,sfo,receiving-yards,Over,32.5,-113,0.5463,2.97,,loss,31.0,-1.0,market_comparison_20260920_1941.csv.gz,,,,
2026-09-20 17:06:37,ev_bets,2026,2,draftkings,Kyren Williams,lar,rushing-and-receiving-yards,Under,87.5,-114,0.5483,2.93,,loss,97.0,-1.0,market_comparison_20260921_2344.csv.gz,,,,
2026-09-20 17:06:37,ev_bets,2026,2,draftkings,Adam Trautman,den,receiving-yards,Under,9.5,-109,0.5359,2.75,,win,0.0,0.9174,market_comparison_20260920_1941.csv.gz,,,,
2026-09-20 17:06:37,ev_bets,2026,2,draftkings,Xavier Worthy,kan,receiving-yards,Under,40.5,-110,0.5375,2.61,,win,25.0,0.9091,market_comparison_20260920_2327.csv.gz,-111.0,0.43,,
2026-09-20 17:06:37,ev_bets,2026,2,caesars,Caleb Douglas,mia,receiving-yards,Under,39.5,-107,0.5299,2.52,,win,19.0,0.9346,market_comparison_20260920_1941.csv.gz,-107.0,0.0,,
2026-09-20 17:06:37,ev_bets,2026,2,draftkings,Dak Prescott,dal,pass-attempts,Under,34.5,-106,0.5256,2.15,,win,31.0,0.9434,market_comparison_20260920_1941.csv.gz,-106.0,0.0,0.4919,-4.4
2026-09-20 17:06:37,ev_bets,2026,2,draftkings,Michael Wilson,ari,receptions,Under,3.5,118,0.4686,2.15,,win,2.0,1.18,market_comparison_20260920_1941.csv.gz,116.0,0.93,0.4694,2.33
2026-09-20 17:06:37,ev_bets,2026,2,draftkings,De'Von Achane,mia,rushing-and-receiving-yards,Under,92.5,-112,0.5389,2.0,,loss,93.0,-1.0,market_comparison_20260920_1941.csv.gz,,,,
2026-09-20 17:06:37,td_bets,2026,2,draftkings,Bam Knight,ari,touchdowns,Over,0.5,3000,0.138,327.6,check,loss,0.0,-1.0,market_comparison_20260920_1941.csv.gz,5500.0,-44.64,,
2026-09-20 17:06:37,td_bets,2026,2,caesars,Bam Knight,ari,touchdowns,Over,0.5,3000,0.138,327.6,check,loss,0.0,-1.0,market_comparison_20260920_1941.csv.gz,3500.0,-13.89,,
2026-09-20 17:06:37,td_bets,2026,2,draftkings,Treylon Burks,was,touchdowns,Over,0.5,1700,0.142,156.5,check,loss,0.0,-1.0,market_comparison_20260920_1941.csv.gz,1600.0,5.88,,
2026-09-20 17:06:37,td_bets,2026,2,draftkings,Brashard Smith,kan,touchdowns,Over,0.5,1500,0.142,127.0,check,loss,0.0,-1.0,market_comparison_20260920_2327.csv.gz,2000.0,-23.81,,
2026-09-20 17:06:37,td_bets,2026,2,caesars,Brashard Smith,kan,touchdowns,Over,0.5,1500,0.142,127.0,check,loss,0.0,-1.0,market_comparison_20260920_2327.csv.gz,1900.0,-20.0,,
2026-09-20 17:06:37,td_bets,2026,2,draftkings,Tory Horton,sea,touchdowns,Over,0.5,900,0.217,117.5,check,loss,0.0,-1.0,market_comparison_20260920_1941.csv.gz,900.0,0.0,,
2026-09-20 17:06:37,td_bets,2026,2,caesars,Treylon Burks,was,touchdowns,Over,0.5,1400,0.142,113.7,check,loss,0.0,-1.0,market_comparison_20260920_1941.csv.gz,1700.0,-16.67,,
2026-09-20 17:06:37,td_bets,2026,2,caesars,Tory Horton,sea,touchdowns,Over,0.5,800,0.217,95.7,check,loss,0.0,-1.0,market_comparison_20260920_1941.csv.gz,900.0,-10.0,,
2026-09-20 17:06:37,td_bets,2026,2,draftkings,Tyrone Tracy,nyg,touchdowns,Over,0.5,900,0.173,73.1,check,loss,0.0,-1.0,market_comparison_20260921_2344.csv.gz,1600.0,-41.18,,
2026-09-20 17:06:37,td_bets,2026,2,caesars,Lil'Jordan Humphrey,den,touchdowns,Over,0.5,2000,0.076,58.7,check,loss,0.0,-1.0,market_comparison_20260920_1941.csv.gz,2000.0,0.0,,
2026-09-20 17:06:37,td_bets,2026,2,draftkings,Lil'Jordan Humphrey,den,touchdowns,Over,0.5,2000,0.076,58.7,check,loss,0.0,-1.0,market_comparison_20260920_1941.csv.gz,2000.0,0.0,,
2026-09-20 17:06:37,td_bets,2026,2,draftkings,Kimani Vidal,lac,touchdowns,Over,0.5,800,0.169,52.1,check,loss,0.0,-1.0,market_comparison_20260920_1941.csv.gz,750.0,5.88,,
2026-09-20 17:06:37,td_bets,2026,2,draftkings,RJ Harvey,den,touchdowns,Over,0.5,275,0.398,49.2,clean,void,,0.0,market_comparison_20260920_1941.csv.gz,275.0,0.0,,
2026-09-20 17:06:37,td_bets,2026,2,draftkings,Ronnie Rivers,lar,touchdowns,Over,0.5,2800,0.051,48.9,check,loss,0.0,-1.0,market_comparison_20260921_2344.csv.gz,1900.0,45.0,,
2026-09-20 17:06:37,td_bets,2026,2,draftkings,Troy Franklin,den,touchdowns,Over,0.5,750,0.174,47.7,clean,loss,0.0,-1.0,market_comparison_20260920_1941.csv.gz,750.0,0.0,,
2026-09-20 17:06:37,td_bets,2026,2,caesars,Troy Franklin,den,touchdowns,Over,0.5,750,0.174,47.7,clean,loss,0.0,-1.0,market_comparison_20260920_1941.csv.gz,750.0,0.0,,
2026-09-20 17:06:37,td_bets,2026,2,caesars,Ronnie Rivers,lar,touchdowns,Over,0.5,2700,0.051,43.7,check,loss,0.0,-1.0,market_comparison_20260921_2344.csv.gz,2000.0,33.33,,
2026-09-20 17:06:37,td_bets,2026,2,caesars,Kimani Vidal,lac,touchdowns,Over,0.5,750,0.169,43.7,check,loss,0.0,-1.0,market_comparison_20260920_1941.csv.gz,750.0,0.0,,
2026-09-20 17:06:37,td_bets,2026,2,draftkings,Justin Herbert,lac,touchdowns,Over,0.5,500,0.22,32.1,clean,loss,0.0,-1.0,market_comparison_20260920_1941.csv.gz,450.0,9.09,,
2026-09-20 17:06:37,td_bets,2026,2,draftkings,Theo Johnson,nyg,touchdowns,Over,0.5,850,0.135,28.1,clean,loss,0.0,-1.0,market_comparison_20260921_2344.csv.gz,800.0,5.56,,
2026-09-20 17:06:37,td_bets,2026,2,caesars,Justin Herbert,lac,touchdowns,Over,0.5,475,0.22,26.6,clean,loss,0.0,-1.0,market_comparison_20260920_1941.csv.gz,450.0,4.55,,
2026-09-20 17:06:37,td_bets,2026,2,draftkings,Kirk Cousins,lvr,touchdowns,Over,0.5,2000,0.058,21.8,check,loss,0.0,-1.0,market_comparison_20260920_1941.csv.gz,2000.0,0.0,,
2026-09-20 17:06:37,td_bets,2026,2,caesars,Kirk Cousins,lvr,touchdowns,Over,0.5,2000,0.058,21.8,check,loss,0.0,-1.0,market_comparison_20260920_1941.csv.gz,2000.0,0.0,,
2026-09-20 17:06:37,td_bets,2026,2,draftkings,Michael Wilson,ari,touchdowns,Over,0.5,380,0.253,21.5,clean,loss,0.0,-1.0,market_comparison_20260920_1941.csv.gz,370.0,2.13,,
2026-09-20 17:06:37,td_bets,2026,2,caesars,Michael Wilson,ari,touchdowns,Over,0.5,375,0.253,20.2,clean,loss,0.0,-1.0,market_comparison_20260920_1941.csv.gz,360.0,3.26,,
2026-09-20 17:06:37,td_bets,2026,2,draftkings,Devin Singletary,nyg,touchdowns,Over,0.5,425,0.226,18.4,clean,loss,0.0,-1.0,market_comparison_20260921_2344.csv.gz,600.0,-25.0,,
2026-09-20 17:06:37,td_bets,2026,2,draftkings,Evan Engram,den,touchdowns,Over,0.5,370,0.252,18.3,clean,loss,0.0,-1.0,market_comparison_20260920_1941.csv.gz,360.0,2.17,,
2026-09-20 17:06:37,td_bets,2026,2,draftkings,Jaylen Wright,mia,touchdowns,Over,0.5,1100,0.098,18.1,check,loss,0.0,-1.0,market_comparison_20260920_1941.csv.gz,1100.0,0.0,,
2026-09-20 17:06:37,td_bets,2026,2,draftkings,Ryan Flournoy,dal,touchdowns,Over,0.5,350,0.259,16.7,clean,loss,0.0,-1.0,market_comparison_20260920_1941.csv.gz,330.0,4.65,,
2026-09-20 17:06:37,td_bets,2026,2,draftkings,KaVontae Turpin,dal,touchdowns,Over,0.5,900,0.114,13.5,check,loss,0.0,-1.0,market_comparison_20260920_1941.csv.gz,750.0,17.65,,
2026-09-20 17:06:37,td_bets,2026,2,caesars,Devin Singletary,nyg,touchdowns,Over,0.5,400,0.226,12.8,clean,loss,0.0,-1.0,market_comparison_20260921_2344.csv.gz,550.0,-23.08,,
2026-09-20 17:06:37,td_bets,2026,2,draftkings,Nate Adkins,den,touchdowns,Over,0.5,2000,0.053,12.3,clean,win,1.0,20.0,market_comparison_20260920_1941.csv.gz,2000.0,0.0,,
2026-09-20 17:06:37,td_bets,2026,2,caesars,Nate Adkins,den,touchdowns,Over,0.5,2000,0.053,12.3,clean,win,1.0,20.0,market_comparison_20260920_1941.csv.gz,2000.0,0.0,,
2026-09-20 17:06:37,td_bets,2026,2,caesars,Evan Engram,den,touchdowns,Over,0.5,340,0.252,10.7,clean,loss,0.0,-1.0,market_comparison_20260920_1941.csv.gz,330.0,2.33,,
2026-09-20 17:06:37,td_bets,2026,2,caesars,Jaylen Wright,mia,touchdowns,Over,0.5,1000,0.098,8.3,check,loss,0.0,-1.0,market_comparison_20260920_1941.csv.gz,1100.0,-8.33,,
2026-09-20 17:06:37,td_bets,2026,2,draftkings,Rashee Rice,kan,touchdowns,Over,0.5,150,0.432,7.9,clean,loss,0.0,-1.0,market_comparison_20260920_2327.csv.gz,155.0,-1.96,,
2026-09-20 17:06:37,td_bets,2026,2,draftkings,Jaxon Smith-Njigba,sea,touchdowns,Over,0.5,140,0.447,7.3,clean,win,3.0,1.4,market_comparison_20260920_1941.csv.gz,140.0,0.0,,
2026-09-20 17:06:37,td_bets,2026,2,draftkings,Patrick Mahomes,kan,touchdowns,Over,0.5,320,0.254,6.5,clean,loss,0.0,-1.0,market_comparison_20260920_2327.csv.gz,320.0,0.0,,
2026-09-20 17:06:37,td_bets,2026,2,caesars,Jaxon Smith-Njigba,sea,touchdowns,Over,0.5,136,0.447,5.6,clean,win,3.0,1.36,market_comparison_20260920_1941.csv.gz,136.0,0.0,,
2026-09-20 17:06:37,td_bets,2026,2,caesars,Rashee Rice,kan,touchdowns,Over,0.5,144,0.432,5.3,clean,loss,0.0,-1.0,market_comparison_20260920_2327.csv.gz,152.0,-3.17,,
2026-09-20 17:06:37,low_line_props,2026,2,draftkings,Bhayshul Tuten,jax,receptions,Under,1.5,-114,0.729,36.8,,loss,2.0,-1.0,market_comparison_20260920_1941.csv.gz,-114.0,0.0,0.5102,-4.23
2026-09-20 17:06:37,low_line_props,2026,2,caesars,Adam Trautman,den,receptions,Over,1.5,165,0.509,34.8,,loss,0.0,-1.0,market_comparison_20260920_1941.csv.gz,155.0,3.92,0.3621,-4.03
2026-09-20 17:06:37,low_line_props,2026,2,draftkings,Adam Trautman,den,receptions,Over,1.5,161,0.506,32.2,,loss,0.0,-1.0,market_comparison_20260920_1941.csv.gz,161.0,0.0,0.3621,-5.48
2026-09-20 17:06:37,low_line_props,2026,2,caesars,Bhayshul Tuten,jax,receptions,Under,1.5,-124,0.721,30.2,,loss,2.0,-1.0,market_comparison_20260920_1941.csv.gz,-124.0,0.0,0.5102,-7.84
2026-09-20 17:06:37,low_line_props,2026,2,draftkings,John Bates,was,receptions,Under,1.5,123,0.565,26.0,,win,0.0,1.23,market_comparison_20260920_1941.csv.gz,123.0,0.0,0.422,-5.9
2026-09-20 17:06:37,low_line_props,2026,2,caesars,John Bates,was,receptions,Under,1.5,122,0.566,25.5,,win,0.0,1.22,market_comparison_20260920_1941.csv.gz,122.0,0.0,0.422,-6.32
2026-09-20 17:06:37,low_line_props,2026,2,draftkings,Rashid Shaheed,sea,receptions,Under,1.5,145,0.512,25.4,,loss,3.0,-1.0,market_comparison_20260920_1941.csv.gz,138.0,2.94,0.408,-0.03
2026-09-20 17:06:37,low_line_props,2026,2,caesars,Oronde Gadsden,lac,receptions,Over,1.5,-102,0.562,11.3,,win,2.0,0.9804,market_comparison_20260920_1941.csv.gz,111.0,-6.14,0.4797,-5.0
2026-09-20 17:06:37,low_line_props,2026,2,caesars,Chris Bell,mia,receptions,Under,1.5,107,0.528,9.3,,win,0.0,1.07,market_comparison_20260920_1941.csv.gz,107.0,0.0,0.4537,-6.08
2026-09-20 17:06:37,low_line_props,2026,2,draftkings,Jadarian Price,sea,receptions,Over,1.5,-112,0.571,8.2,,loss,1.0,-1.0,market_comparison_20260920_1941.csv.gz,-112.0,0.0,0.5,-5.36
2026-09-20 17:06:37,low_line_props,2026,2,draftkings,Noah Gray,kan,receptions,Under,1.5,-183,0.699,8.1,,win,0.0,0.5464,market_comparison_20260920_2327.csv.gz,-168.0,-3.06,0.6142,-5.02
2026-09-20 17:06:37,low_line_props,2026,2,caesars,Jadarian Price,sea,receptions,Over,1.5,-114,0.571,7.3,,loss,1.0,-1.0,market_comparison_20260920_1941.csv.gz,-114.0,0.0,0.5,-6.14
2026-09-20 17:06:37,low_line_props,2026,2,draftkings,Oronde Gadsden,lac,receptions,Over,1.5,-110,0.561,7.2,,win,2.0,0.9091,market_comparison_20260920_1941.csv.gz,-108.0,-0.87,0.4797,-8.42
2026-09-20 17:06:37,low_line_props,2026,2,draftkings,Chris Bell,mia,receptions,Under,1.5,103,0.523,6.2,,win,0.0,1.03,market_comparison_20260920_1941.csv.gz,103.0,0.0,0.4537,-7.89
2026-09-20 17:06:37,low_line_props,2026,2,caesars,Noah Gray,kan,receptions,Under,1.5,-200,0.696,4.4,,win,0.0,0.5,market_comparison_20260920_2327.csv.gz,-190.0,-1.72,0.6142,-7.87
2026-09-20 17:06:37,low_line_props,2026,2,draftkings,Demarcus Robinson,sfo,receptions,Over,1.5,-156,0.63,3.4,,win,3.0,0.641,market_comparison_20260920_1941.csv.gz,-162.0,1.47,0.5791,-4.96
2026-09-20 17:06:37,low_line_props,2026,2,draftkings,Rachaad White,was,receptions,Over,1.5,-195,0.674,2.0,,win,6.0,0.5128,market_comparison_20260920_1941.csv.gz,,,0.614,-7.12
2026-09-20 17:06:37,low_line_props,2026,2,draftkings,Cam Skattebo,nyg,receptions,Over,1.5,-143,0.595,1.1,,win,4.0,0.6993,market_comparison_20260921_2344.csv.gz,-134.0,-2.69,0.5386,-8.48
2026-09-20 17:06:37,low_line_props,2026,2,caesars,Demarcus Robinson,sfo,receptions,Over,1.5,-165,0.629,1.0,,win,3.0,0.6061,market_comparison_20260920_1941.csv.gz,-165.0,0.0,0.5791,-6.99
2026-09-20 19:43:02,ev_bets,2026,2,draftkings,Adam Trautman,den,receiving-yards,Under,10.5,-117,0.5715,6.0,,win,0.0,0.8547,market_comparison_20260920_1941.csv.gz,-117.0,0.0,0.5226,-3.07
2026-09-20 19:43:02,ev_bets,2026,2,draftkings,Emari Demercado,dal,rushing-yards,Under,12.5,-114,0.5554,4.27,,win,8.0,0.8772,market_comparison_20260920_1941.csv.gz,-114.0,0.0,,
2026-09-20 19:43:02,ev_bets,2026,2,draftkings,Kaelon Black,sfo,rush-attempts,Over,8.5,-132,0.5905,3.79,,loss,7.0,-1.0,market_comparison_20260920_1941.csv.gz,-132.0,0.0,0.5451,-4.2
2026-09-20 19:43:02,ev_bets,2026,2,draftkings,Trey McBride,ari,receiving-yards,Under,65.5,-110,0.5393,2.95,,win,41.0,0.9091,market_comparison_20260920_1941.csv.gz,-110.0,0.0,,
2026-09-20 19:43:02,ev_bets,2026,2,draftkings,Omarion Hampton,lac,rush-attempts,Under,16.5,-107,0.5306,2.65,,loss,23.0,-1.0,market_comparison_20260920_1941.csv.gz,-107.0,0.0,0.5061,-2.1
2026-09-20 19:43:02,ev_bets,2026,2,draftkings,Michael Wilson,ari,receptions,Under,3.5,116,0.4745,2.5,,win,2.0,1.16,market_comparison_20260920_1941.csv.gz,116.0,0.0,0.4694,1.39
2026-09-20 19:43:02,ev_bets,2026,2,draftkings,Marvin Harrison,ari,receptions,Under,3.5,-137,0.5915,2.33,,win,0.0,0.7299,market_comparison_20260920_1941.csv.gz,-137.0,0.0,0.5752,-0.5
2026-09-20 19:43:02,ev_bets,2026,2,caesars,Oronde Gadsden,lac,receptions,Over,1.5,111,0.4847,2.26,,win,2.0,1.11,market_comparison_20260920_1941.csv.gz,111.0,0.0,0.4797,1.22
2026-09-20 19:43:02,td_bets,2026,2,draftkings,Bam Knight,ari,touchdowns,Over,0.5,5500,0.138,672.5,check,loss,0.0,-1.0,market_comparison_20260920_1941.csv.gz,5500.0,0.0,,
2026-09-20 19:43:02,td_bets,2026,2,caesars,Bam Knight,ari,touchdowns,Over,0.5,3500,0.138,396.6,check,loss,0.0,-1.0,market_comparison_20260920_1941.csv.gz,3500.0,0.0,,
2026-09-20 19:43:02,td_bets,2026,2,caesars,Treylon Burks,was,touchdowns,Over,0.5,1700,0.142,156.5,check,loss,0.0,-1.0,market_comparison_20260920_1941.csv.gz,1700.0,0.0,,
2026-09-20 19:43:02,td_bets,2026,2,draftkings,Treylon Burks,was,touchdowns,Over,0.5,1600,0.142,142.2,check,loss,0.0,-1.0,market_comparison_20260920_1941.csv.gz,1600.0,0.0,,
2026-09-20 19:43:02,td_bets,2026,2,caesars,Tory Horton,sea,touchdowns,Over,0.5,900,0.217,117.5,check,loss,0.0,-1.0,market_comparison_20260920_1941.csv.gz,900.0,0.0,,
2026-09-20 19:43:02,td_bets,2026,2,draftkings,Kimani Vidal,lac,touchdowns,Over,0.5,750,0.169,43.7,check,loss,0.0,-1.0,market_comparison_20260920_1941.csv.gz,750.0,0.0,,
2026-09-20 19:43:02,td_bets,2026,2,caesars,Justin Herbert,lac,touchdowns,Over,0.5,450,0.22,21.1,clean,loss,0.0,-1.0,market_comparison_20260920_1941.csv.gz,450.0,0.0,,
2026-09-20 19:43:02,td_bets,2026,2,draftkings,Michael Wilson,ari,touchdowns,Over,0.5,370,0.253,18.9,clean,loss,0.0,-1.0,market_comparison_20260920_1941.csv.gz,370.0,0.0,,
2026-09-20 19:43:02,td_bets,2026,2,caesars,Jaylen Wright,mia,touchdowns,Over,0.5,1100,0.098,18.1,check,loss,0.0,-1.0,market_comparison_20260920_1941.csv.gz,1100.0,0.0,,
2026-09-20 19:43:02,td_bets,2026,2,caesars,Michael Wilson,ari,touchdowns,Over,0.5,360,0.253,16.4,clean,loss,0.0,-1.0,market_comparison_20260920_1941.csv.gz,360.0,0.0,,
2026-09-20 19:43:02,td_bets,2026,2,draftkings,Evan Engram,den,touchdowns,Over,0.5,360,0.252,15.8,clean,loss,0.0,-1.0,market_comparison_20260920_1941.csv.gz,360.0,0.0,,
2026-09-20 19:43:02,td_bets,2026,2,caesars,Ryan Flournoy,dal,touchdowns,Over,0.5,340,0.259,14.1,clean,loss,0.0,-1.0,market_comparison_20260920_1941.csv.gz,340.0,0.0,,
2026-09-20 19:43:02,td_bets,2026,2,draftkings,Ryan Flournoy,dal,touchdowns,Over,0.5,330,0.259,11.5,clean,loss,0.0,-1.0,market_comparison_20260920_1941.csv.gz,330.0,0.0,,
2026-09-20 19:43:02,td_bets,2026,2,draftkings,Greg Dulcich,mia,touchdowns,Over,0.5,650,0.148,11.2,clean,loss,0.0,-1.0,market_comparison_20260920_1941.csv.gz,650.0,0.0,,
2026-09-20 19:43:02,td_bets,2026,2,draftkings,Bo Nix,den,touchdowns,Over,0.5,360,0.236,8.7,clean,loss,0.0,-1.0,market_comparison_20260920_1941.csv.gz,360.0,0.0,,
2026-09-20 19:43:02,td_bets,2026,2,draftkings,David Njoku,lac,touchdowns,Over,0.5,400,0.217,8.5,check,loss,0.0,-1.0,market_comparison_20260920_1941.csv.gz,400.0,0.0,,
2026-09-20 19:43:02,td_bets,2026,2,draftkings,AJ Barner,sea,touchdowns,Over,0.5,320,0.255,7.0,clean,win,1.0,3.2,market_comparison_20260920_1941.csv.gz,320.0,0.0,,
2026-09-20 19:43:02,td_bets,2026,2,caesars,Bo Nix,den,touchdowns,Over,0.5,350,0.236,6.3,clean,loss,0.0,-1.0,market_comparison_20260920_1941.csv.gz,350.0,0.0,,
2026-09-20 19:43:02,td_bets,2026,2,draftkings,Jalen Brooks,ari,touchdowns,Over,0.5,4500,0.023,5.3,check,loss,0.0,-1.0,market_comparison_20260920_1941.csv.gz,4500.0,0.0,,
2026-09-20 23:28:04,ev_bets,2026,2,draftkings,Tyquan Thornton,kan,receiving-yards,Under,17.5,-116,0.5523,2.84,,loss,86.0,-1.0,market_comparison_20260920_2327.csv.gz,-116.0,0.0,,
2026-09-20 23:28:04,ev_bets,2026,2,draftkings,Emmett Johnson,kan,receiving-yards,Under,8.5,-112,0.5397,2.15,,loss,20.0,-1.0,market_comparison_20260920_2327.csv.gz,-112.0,0.0,,
2026-09-20 23:28:04,ev_bets,2026,2,draftkings,Xavier Worthy,kan,receptions,Under,3.5,-116,0.5482,2.07,,loss,5.0,-1.0,market_comparison_20260920_2327.csv.gz,-116.0,0.0,0.5458,1.63
2026-09-20 23:28:04,td_bets,2026,2,draftkings,Brashard Smith,kan,touchdowns,Over,0.5,2000,0.142,197.9,check,loss,0.0,-1.0,market_comparison_20260920_2327.csv.gz,2000.0,0.0,,
2026-09-20 23:28:04,td_bets,2026,2,caesars,Brashard Smith,kan,touchdowns,Over,0.5,1900,0.142,183.7,check,loss,0.0,-1.0,market_comparison_20260920_2327.csv.gz,1900.0,0.0,,
2026-09-20 23:28:04,td_bets,2026,2,caesars,Rashee Rice,kan,touchdowns,Over,0.5,152,0.432,8.8,clean,loss,0.0,-1.0,market_comparison_20260920_2327.csv.gz,152.0,0.0,,
2026-09-20 23:28:04,low_line_props,2026,2,draftkings,Noah Gray,kan,receptions,Under,1.5,-168,0.697,11.2,,win,0.0,0.5952,market_comparison_20260920_2327.csv.gz,-168.0,0.0,0.6142,-2.02
2026-09-20 23:28:04,low_line_props,2026,2,caesars,Noah Gray,kan,receptions,Under,1.5,-190,0.696,6.2,,win,0.0,0.5263,market_comparison_20260920_2327.csv.gz,-190.0,0.0,0.6142,-6.25
2026-09-20 23:28:04,low_line_props,2026,2,draftkings,Tyquan Thornton,kan,receptions,Under,1.5,-167,0.636,1.6,,loss,4.0,-1.0,market_comparison_20260920_2327.csv.gz,-167.0,0.0,0.6222,-0.53
2026-09-21 20:08:36,ev_bets,2026,2,draftkings,Devin Singletary,nyg,rushing-and-receiving-yards,Under,27.5,-110,0.5418,3.43,,win,9.0,0.9091,market_comparison_20260921_2344.csv.gz,,,,
2026-09-21 20:08:36,ev_bets,2026,2,caesars,Cam Skattebo,nyg,rush-attempts,Under,13.5,102,0.511,3.22,,win,12.0,1.02,market_comparison_20260921_2344.csv.gz,,,0.4968,0.34
2026-09-21 20:08:36,td_bets,2026,2,draftkings,Najee Harris,nyg,touchdowns,Over,0.5,950,0.139,46.3,check,loss,0.0,-1.0,market_comparison_20260921_2344.csv.gz,1000.0,-4.55,,
2026-09-21 20:08:36,td_bets,2026,2,caesars,Najee Harris,nyg,touchdowns,Over,0.5,950,0.139,46.3,check,loss,0.0,-1.0,market_comparison_20260921_2344.csv.gz,1000.0,-4.55,,
2026-09-21 20:08:36,td_bets,2026,2,draftkings,Devin Singletary,nyg,touchdowns,Over,0.5,500,0.226,35.3,clean,loss,0.0,-1.0,market_comparison_20260921_2344.csv.gz,600.0,-14.29,,
2026-09-21 20:08:36,td_bets,2026,2,caesars,Devin Singletary,nyg,touchdowns,Over,0.5,475,0.226,29.7,clean,loss,0.0,-1.0,market_comparison_20260921_2344.csv.gz,550.0,-11.54,,
2026-09-21 20:08:36,td_bets,2026,2,caesars,Theo Johnson,nyg,touchdowns,Over,0.5,850,0.135,28.1,clean,loss,0.0,-1.0,market_comparison_20260921_2344.csv.gz,800.0,5.56,,
2026-09-21 20:08:36,td_bets,2026,2,draftkings,Davis Allen,lar,touchdowns,Over,0.5,1300,0.086,20.0,clean,loss,0.0,-1.0,market_comparison_20260921_2344.csv.gz,1400.0,-6.67,,
2026-09-21 20:08:36,td_bets,2026,2,draftkings,Ronnie Rivers,lar,touchdowns,Over,0.5,2200,0.051,18.1,check,loss,0.0,-1.0,market_comparison_20260921_2344.csv.gz,1900.0,15.0,,
2026-09-21 20:08:36,td_bets,2026,2,caesars,Davis Allen,lar,touchdowns,Over,0.5,1200,0.086,11.4,clean,loss,0.0,-1.0,market_comparison_20260921_2344.csv.gz,1200.0,0.0,,
2026-09-21 20:08:36,td_bets,2026,2,caesars,Ronnie Rivers,lar,touchdowns,Over,0.5,2000,0.051,7.8,check,loss,0.0,-1.0,market_comparison_20260921_2344.csv.gz,2000.0,0.0,,
2026-09-21 20:08:36,td_bets,2026,2,draftkings,Matthew Stafford,lar,touchdowns,Over,0.5,2200,0.046,6.2,clean,loss,0.0,-1.0,market_comparison_20260921_2344.csv.gz,2200.0,0.0,,
2026-09-21 20:08:36,low_line_props,2026,2,draftkings,Darnell Mooney,nyg,receptions,Over,1.5,-112,0.643,21.8,,win,2.0,0.8929,market_comparison_20260921_2344.csv.gz,-126.0,5.53,0.5172,-2.09
2026-09-21 20:08:36,low_line_props,2026,2,caesars,Darnell Mooney,nyg,receptions,Over,1.5,-118,0.642,18.6,,win,2.0,0.8475,market_comparison_20260921_2344.csv.gz,-128.0,3.72,0.5172,-4.44
2026-09-21 20:08:36,low_line_props,2026,2,draftkings,Matthew Stafford,lar,rushing-yards,Under,0.5,-184,0.669,3.3,,win,-1.0,0.5435,market_comparison_20260921_2344.csv.gz,-191.0,1.31,0.6296,-2.82
2026-09-21 20:08:36,low_line_props,2026,2,caesars,Devin Singletary,nyg,receptions,Over,1.5,123,0.458,2.1,,loss,0.0,-1.0,market_comparison_20260921_2344.csv.gz,110.0,6.19,0.4405,-1.77
2026-09-21 23:44:29,ev_bets,2026,2,draftkings,Cam Skattebo,nyg,rush-attempts,Under,14.5,-122,0.5792,5.4,,win,12.0,0.8197,market_comparison_20260921_2344.csv.gz,-122.0,0.0,0.5217,-5.07
2026-09-21 23:44:29,ev_bets,2026,2,caesars,Jaxson Dart,nyg,rush-attempts,Under,6.5,102,0.5102,3.05,,win,0.0,1.02,market_comparison_20260921_2344.csv.gz,102.0,0.0,0.5,1.0
2026-09-21 23:44:29,ev_bets,2026,2,caesars,Cam Skattebo,nyg,rush-attempts,Under,14.5,-130,0.5792,2.48,,win,12.0,0.7692,market_comparison_20260921_2344.csv.gz,-130.0,0.0,0.5217,-7.7
2026-09-21 23:44:29,ev_bets,2026,2,draftkings,Odell Beckham,nyg,receiving-yards,Over,3.5,-111,0.5388,2.41,,loss,0.0,-1.0,market_comparison_20260921_2344.csv.gz,-111.0,0.0,0.504,-4.19
2026-09-21 23:44:29,td_bets,2026,2,draftkings,Tyrone Tracy,nyg,touchdowns,Over,0.5,1600,0.173,194.3,check,loss,0.0,-1.0,market_comparison_20260921_2344.csv.gz,1600.0,0.0,,
2026-09-21 23:44:29,td_bets,2026,2,draftkings,Devin Singletary,nyg,touchdowns,Over,0.5,600,0.226,57.9,clean,loss,0.0,-1.0,market_comparison_20260921_2344.csv.gz,600.0,0.0,,
2026-09-21 23:44:29,td_bets,2026,2,draftkings,Najee Harris,nyg,touchdowns,Over,0.5,1000,0.139,53.3,check,loss,0.0,-1.0,market_comparison_20260921_2344.csv.gz,1000.0,0.0,,
2026-09-21 23:44:29,td_bets,2026,2,caesars,Najee Harris,nyg,touchdowns,Over,0.5,1000,0.139,53.3,check,loss,0.0,-1.0,market_comparison_20260921_2344.csv.gz,1000.0,0.0,,
2026-09-21 23:44:29,td_bets,2026,2,caesars,Devin Singletary,nyg,touchdowns,Over,0.5,550,0.226,46.6,clean,loss,0.0,-1.0,market_comparison_20260921_2344.csv.gz,550.0,0.0,,
2026-09-21 23:44:29,td_bets,2026,2,draftkings,Puka Nacua,lar,touchdowns,Over,0.5,190,0.459,33.2,clean,void,,0.0,market_comparison_20260921_2344.csv.gz,190.0,0.0,,
2026-09-21 23:44:29,td_bets,2026,2,draftkings,Davis Allen,lar,touchdowns,Over,0.5,1400,0.086,28.5,clean,loss,0.0,-1.0,market_comparison_20260921_2344.csv.gz,1400.0,0.0,,
2026-09-21 23:44:29,td_bets,2026,2,caesars,Theo Johnson,nyg,touchdowns,Over,0.5,800,0.135,21.3,clean,loss,0.0,-1.0,market_comparison_20260921_2344.csv.gz,800.0,0.0,,
2026-09-21 23:44:29,td_bets,2026,2,draftkings,Theo Johnson,nyg,touchdowns,Over,0.5,800,0.135,21.3,clean,loss,0.0,-1.0,market_comparison_20260921_2344.csv.gz,800.0,0.0,,
2026-09-21 23:44:29,low_line_props,2026,2,draftkings,Darnell Mooney,nyg,receptions,Over,1.5,-126,0.647,16.0,,win,2.0,0.7937,market_comparison_20260921_2344.csv.gz,-126.0,0.0,0.5172,-7.22
2026-09-21 23:44:29,low_line_props,2026,2,caesars,Darnell Mooney,nyg,receptions,Over,1.5,-128,0.647,15.2,,win,2.0,0.7812,market_comparison_20260921_2344.csv.gz,-128.0,0.0,0.5172,-7.87
2026-09-21 23:44:29,low_line_props,2026,2,draftkings,Matthew Stafford,lar,rushing-yards,Under,0.5,-191,0.673,2.6,,win,-1.0,0.5236,market_comparison_20260921_2344.csv.gz,-191.0,0.0,0.6296,-4.07
2026-09-21 23:44:29,low_line_props,2026,2,draftkings,Cam Skattebo,nyg,receptions,Over,1.5,-134,0.579,1.1,,win,4.0,0.7463,market_comparison_20260921_2344.csv.gz,-134.0,0.0,0.5386,-5.95
2026-09-21 23:44:29,low_line_props,2026,2,caesars,Cam Skattebo,nyg,receptions,Over,1.5,-135,0.58,1.0,,win,4.0,0.7407,market_comparison_20260921_2344.csv.gz,-135.0,0.0,0.5386,-6.25
