first_name,last_name,position,injury_status,week,game_date,slate,team,opp,spread,over_under,implied_team_score,salary,L5_dvp_rank,L5_fppg_avg,L10_fppg_avg,szn_fppg_avg,ppg_projection,value_projection,ownership_projection
Jaxon,Smith-Njigba,WR,,18,2026-01-03,Sat-Sun,SEA,SF,-1.5,47.5,24.5,8600,19,23.5,24.9,23.8,24.9,2.89,
Christian,McCaffrey,RB,Q,18,2026-01-03,Sat-Sun,SF,SEA,+1.5,47.5,23,8800,3,26.2,26.2,25.7,23.1,2.62,
Jahmyr,Gibbs,RB,,18,2026-01-04,Sat-Sun,DET,CHI,+2.5,50.5,24,8000,11,27.9,25.7,23.5,22.7,2.84,
Trevor,Lawrence,QB,,18,2026-01-04,Sat-Sun,JAX,TEN,-12.5,47.5,30,6400,24,28.1,22.8,20.6,21.6,3.37,
Puka,Nacua,WR,,18,2026-01-04,Sat-Sun,LAR,ARI,-7.5,45.5,26.5,9000,14,29.8,23.4,25.2,21.3,2.36,
Bijan,Robinson,RB,,18,2026-01-04,Sat-Sun,ATL,NO,-3.5,45.5,24.5,8700,18,23.7,20.8,23.0,21.0,2.41,
Dak,Prescott,QB,,18,2026-01-04,Sat-Sun,DAL,NYG,-3.5,51.5,27.5,6800,26,22.0,20.6,21.1,20.9,3.07,
De'Von,Achane,RB,,18,2026-01-04,Sat-Sun,MIA,NE,+10.5,45.5,17.5,8200,6,20.2,22.8,21.4,20.8,2.54,
Jalen,Hurts,QB,,18,2026-01-04,Sat-Sun,PHI,WAS,-4.5,38.5,21.5,6500,29,19.4,19.8,20.2,20.8,3.19,
Jaxson,Dart,QB,,18,2026-01-04,Sat-Sun,NYG,DAL,+3.5,51.5,24,5700,32,18.5,20.3,16.9,20.5,3.60,
Drake,Maye,QB,,18,2026-01-04,Sat-Sun,NE,MIA,-10.5,45.5,28,7100,25,20.6,21.8,21.2,20.1,2.84,
Ja'Marr,Chase,WR,,18,2026-01-04,Sat-Sun,CIN,CLE,-7.5,44.5,26,8500,3,17.3,22.6,20.5,19.8,2.32,
Joe,Burrow,QB,,18,2026-01-04,Sat-Sun,CIN,CLE,-7.5,44.5,26,6700,4,18.2,19.7,16.7,19.1,2.84,
Caleb,Williams,QB,,18,2026-01-04,Sat-Sun,CHI,DET,-2.5,50.5,26.5,5900,28,17.8,18.2,19.0,19.0,3.22,
Matthew,Stafford,QB,,18,2026-01-04,Sat-Sun,LAR,ARI,-7.5,45.5,26.5,6900,14,23.9,22.4,22.1,19.0,2.75,
Amon-Ra,St. Brown,WR,Q,18,2026-01-04,Sat-Sun,DET,CHI,+2.5,50.5,24,7700,23,20.4,17.8,19.8,18.8,2.44,
Brock,Purdy,QB,,18,2026-01-03,Sat-Sun,SF,SEA,+1.5,47.5,23,6300,10,21.2,21.4,21.2,18.8,2.99,
CeeDee,Lamb,WR,,18,2026-01-04,Sat-Sun,DAL,NYG,-3.5,51.5,27.5,7300,26,18.2,18.7,18.9,18.6,2.54,
Bo,Nix,QB,,18,2026-01-04,Sat-Sun,DEN,LAC,-12.5,37.5,25,6200,3,20.3,20.7,19.9,18.4,2.96,
Jared,Goff,QB,,18,2026-01-04,Sat-Sun,DET,CHI,+2.5,50.5,24,6100,23,23.2,20.5,20.1,18.2,2.98,
Derrick,Henry,RB,,18,2026-01-04,Sat-Sun,BAL,PIT,-3.5,41.5,22.5,7700,12,18.2,17.8,16.2,18.2,2.36,
Tyler,Shough,QB,,18,2026-01-04,Sat-Sun,NO,ATL,+3.5,45.5,21,5300,17,18.0,13.8,13.8,18.1,3.42,
Sam,Darnold,QB,,18,2026-01-03,Sat-Sun,SEA,SF,-1.5,47.5,24.5,5800,20,15.6,15.6,16.3,18.1,3.13,
Chris,Olave,WR,,18,2026-01-04,Sat-Sun,NO,ATL,+3.5,45.5,21,7400,20,19.4,18.7,16.6,18.0,2.44,
C.J.,Stroud,QB,,18,2026-01-04,Sat-Sun,HOU,IND,-10.5,39.5,25,5400,18,12.4,16.2,15.5,17.6,3.26,
Jonathan,Taylor,RB,,18,2026-01-04,Sat-Sun,IND,HOU,+10.5,39.5,14.5,7800,10,13.2,22.8,23.7,17.4,2.23,
Trey,McBride,TE,,18,2026-01-04,Sat-Sun,ARI,LAR,+7.5,45.5,19,7500,19,19.4,22.5,19.2,17.4,2.33,
George,Pickens,WR,,18,2026-01-04,Sat-Sun,DAL,NYG,-3.5,51.5,27.5,7200,26,18.7,20.2,19.6,17.2,2.38,
Josh,Allen,QB,Q,18,2026-01-04,Sat-Sun,BUF,NYJ,-7.5,37.5,22.5,7000,21,19.4,23.9,24.2,17.1,2.44,
Jacoby,Brissett,QB,,18,2026-01-04,Sat-Sun,ARI,LAR,+7.5,45.5,19,5600,16,19.7,21.7,18.1,16.7,2.97,
Nico,Collins,WR,,18,2026-01-04,Sat-Sun,HOU,IND,-10.5,39.5,25,7000,30,16.5,17.0,16.3,16.6,2.37,
Travis,Etienne Jr.,RB,,18,2026-01-04,Sat-Sun,JAX,TEN,-12.5,47.5,30,7100,19,19.0,16.3,16.3,16.6,2.34,
Malik,Willis,QB,Q,18,2026-01-04,Sat-Sun,GB,MIN,+7.5,35.5,14,5000,1,5.1,7.3,6.6,16.5,3.30,
Lamar,Jackson,QB,Q,18,2026-01-04,Sat-Sun,BAL,PIT,-3.5,41.5,22.5,6600,30,11.8,14.8,17.0,16.3,2.47,
Kyren,Williams,RB,,18,2026-01-04,Sat-Sun,LAR,ARI,-7.5,45.5,26.5,6700,30,14.0,15.5,16.1,15.7,2.34,
Ashton,Jeanty,RB,,18,2026-01-04,Sat-Sun,LV,KC,+5.5,36.5,15.5,6400,8,17.1,15.1,15.4,15.7,2.46,
Chase,Brown,RB,,18,2026-01-04,Sat-Sun,CIN,CLE,-7.5,44.5,26,7600,15,20.7,19.1,16.0,15.6,2.05,
RJ,Harvey,RB,,18,2026-01-04,Sat-Sun,DEN,LAC,-12.5,37.5,25,6800,7,17.0,14.3,12.3,15.4,2.27,
Shedeur,Sanders,QB,,18,2026-01-04,Sat-Sun,CLE,CIN,+7.5,44.5,18.5,4900,27,15.8,13.6,13.6,15.3,3.13,
Drake,London,WR,,18,2026-01-04,Sat-Sun,ATL,NO,-3.5,45.5,24.5,6900,5,21.0,19.9,19.9,15.2,2.21,
Tyrone,Tracy Jr.,RB,,18,2026-01-04,Sat-Sun,NYG,DAL,+3.5,51.5,24,5500,26,14.5,10.6,9.7,14.7,2.67,
Wan'Dale,Robinson,WR,,18,2026-01-04,Sat-Sun,NYG,DAL,+3.5,51.5,24,6100,32,14.6,14.3,13.4,14.5,2.37,
George,Kittle,TE,Q,18,2026-01-03,Sat-Sun,SF,SEA,+1.5,47.5,23,6000,28,19.9,15.7,15.7,14.5,2.42,
Kirk,Cousins,QB,,18,2026-01-04,Sat-Sun,ATL,NO,-3.5,45.5,24.5,5100,6,16.6,11.5,11.7,14.3,2.80,
Chris,Oladokun,QB,,18,2026-01-04,Sat-Sun,KC,LV,-5.5,36.5,21,4500,15,2.8,2.8,5.1,14.2,3.15,
Trey,Lance,QB,,18,2026-01-04,Sat-Sun,LAC,DEN,+12.5,37.5,12.5,4500,9,3.5,5.3,1.7,14.0,3.11,
Jakobi,Meyers,WR,,18,2026-01-04,Sat-Sun,JAX,TEN,-12.5,47.5,30,5600,22,14.4,11.2,11.3,13.9,2.49,
J.J.,McCarthy,QB,Q,18,2026-01-04,Sat-Sun,MIN,GB,-7.5,35.5,21.5,5200,11,13.1,14.6,14.6,13.9,2.67,
Jameson,Williams,WR,,18,2026-01-04,Sat-Sun,DET,CHI,+2.5,50.5,24,6700,23,17.7,17.2,15.2,13.8,2.06,
Michael,Wilson,WR,,18,2026-01-04,Sat-Sun,ARI,LAR,+7.5,45.5,19,6600,28,20.2,17.0,12.6,13.6,2.06,
Justin,Jefferson,WR,,18,2026-01-04,Sat-Sun,MIN,GB,-7.5,35.5,21.5,5800,18,6.6,9.6,12.1,13.4,2.32,
Cam,Ward,QB,,18,2026-01-04,Sat-Sun,TEN,JAX,+12.5,47.5,17.5,4800,22,15.1,13.2,11.6,13.2,2.76,
Quinn,Ewers,QB,,18,2026-01-04,Sat-Sun,MIA,NE,+10.5,45.5,17.5,4600,13,5.5,5.5,5.5,13.2,2.87,
Josh,Johnson,QB,,18,2026-01-04,Sat-Sun,WAS,PHI,+4.5,38.5,17,4400,7,0.3,0.4,0.7,13.2,2.99,
Riley,Leonard,QB,,18,2026-01-04,Sat-Sun,IND,HOU,+10.5,39.5,14.5,4700,2,3.8,3.8,3.8,12.9,2.74,
Aaron,Rodgers,QB,,18,2026-01-04,Sat-Sun,PIT,BAL,+3.5,41.5,19,5100,19,13.4,14.7,15.0,12.9,2.53,
Jaylen,Warren,RB,,18,2026-01-04,Sat-Sun,PIT,BAL,+3.5,41.5,19,6300,20,16.1,14.9,14.4,12.8,2.03,
Parker,Washington,WR,,18,2026-01-04,Sat-Sun,JAX,TEN,-12.5,47.5,30,5100,22,12.7,12.3,11.5,12.7,2.49,
Tee,Higgins,WR,,18,2026-01-04,Sat-Sun,CIN,CLE,-7.5,44.5,26,6000,3,20.2,16.3,14.3,12.6,2.11,
D'Andre,Swift,RB,,18,2026-01-04,Sat-Sun,CHI,DET,-2.5,50.5,26.5,5900,9,13.9,16.1,15.1,12.5,2.12,
Kenny,Pickett,QB,,18,2026-01-04,Sat-Sun,LV,KC,+5.5,36.5,15.5,4200,12,1.9,3.6,2.5,12.5,2.98,
TreVeyon,Henderson,RB,,18,2026-01-04,Sat-Sun,NE,MIA,-10.5,45.5,28,6100,25,18.1,14.6,12.5,12.3,2.02,
Zay,Flowers,WR,,18,2026-01-04,Sat-Sun,BAL,PIT,-3.5,41.5,22.5,6200,29,15.0,13.4,14.0,12.3,1.98,
Stefon,Diggs,WR,,18,2026-01-04,Sat-Sun,NE,MIA,-10.5,45.5,28,6300,9,12.7,12.2,12.9,12.2,1.93,
Terry,McLaurin,WR,,18,2026-01-04,Sat-Sun,WAS,PHI,+4.5,38.5,17,5700,7,13.7,12.6,11.7,12.2,2.14,
Aaron,Jones Sr.,RB,,18,2026-01-04,Sat-Sun,MIN,GB,-7.5,35.5,21.5,6000,4,8.5,8.9,9.5,12.1,2.01,
Courtland,Sutton,WR,,18,2026-01-04,Sat-Sun,DEN,LAC,-12.5,37.5,25,5900,6,17.4,13.3,14.4,11.9,2.01,
Breece,Hall,RB,Q,18,2026-01-04,Sat-Sun,NYJ,BUF,+7.5,37.5,15,6200,29,9.8,12.6,13.2,11.8,1.90,
Kyle,Pitts Sr.,TE,,18,2026-01-04,Sat-Sun,ATL,NO,-3.5,45.5,24.5,5500,10,20.4,14.7,13.2,11.7,2.13,
Kenneth,Walker III,RB,,18,2026-01-03,Sat-Sun,SEA,SF,-1.5,47.5,24.5,5700,17,11.7,10.6,11.5,11.6,2.03,
Saquon,Barkley,RB,,18,2026-01-04,Sat-Sun,PHI,WAS,-4.5,38.5,21.5,7200,28,16.3,15.5,15.7,11.5,1.60,
Tony,Pollard,RB,,18,2026-01-04,Sat-Sun,TEN,JAX,+12.5,47.5,17.5,5400,2,16.0,11.8,11.8,11.4,2.11,
Jaylen,Waddle,WR,,18,2026-01-04,Sat-Sun,MIA,NE,+10.5,45.5,17.5,5700,16,10.0,12.3,13.1,11.4,2.00,
Kenneth,Gainwell,RB,,18,2026-01-04,Sat-Sun,PIT,BAL,+3.5,41.5,19,5800,20,16.9,13.2,12.9,11.3,1.95,
Juwan,Johnson,TE,,18,2026-01-04,Sat-Sun,NO,ATL,+3.5,45.5,21,4200,3,10.2,10.8,10.7,11.1,2.65,
Brady,Cook,QB,,18,2026-01-04,Sat-Sun,NYJ,BUF,+7.5,37.5,15,4300,5,7.4,7.4,7.4,11.1,2.58,
Dylan,Sampson,RB,,18,2026-01-04,Sat-Sun,CLE,CIN,+7.5,44.5,18.5,5200,32,6.4,4.8,5.9,11.0,2.11,
Brian,Thomas Jr.,WR,,18,2026-01-04,Sat-Sun,JAX,TEN,-12.5,47.5,30,5300,22,9.2,10.5,10.3,10.7,2.02,
Ray,Davis,RB,,18,2026-01-04,Sat-Sun,BUF,NYJ,-7.5,37.5,22.5,4900,27,3.3,2.9,2.7,10.6,2.17,
Luther,Burden III,WR,Q,18,2026-01-04,Sat-Sun,CHI,DET,-2.5,50.5,26.5,5300,31,9.6,7.1,7.4,10.6,2.00,
Jauan,Jennings,WR,,18,2026-01-03,Sat-Sun,SF,SEA,+1.5,47.5,23,5600,11,15.0,12.5,11.9,10.6,1.89,
Audric,Estime,RB,,18,2026-01-04,Sat-Sun,NO,ATL,+3.5,45.5,21,5000,16,6.0,5.2,5.2,10.5,2.10,
Brenton,Strange,TE,,18,2026-01-04,Sat-Sun,JAX,TEN,-12.5,47.5,30,3800,16,10.4,9.2,9.2,10.5,2.76,
Hunter,Henry,TE,,18,2026-01-04,Sat-Sun,NE,MIA,-10.5,45.5,28,4500,31,13.1,9.7,10.5,10.5,2.33,
DJ,Moore,WR,,18,2026-01-04,Sat-Sun,CHI,DET,-2.5,50.5,26.5,5500,31,14.7,11.9,11.2,10.4,1.89,
Kyle,Monangai,RB,,18,2026-01-04,Sat-Sun,CHI,DET,-2.5,50.5,26.5,5400,9,11.4,12.2,9.3,10.3,1.90,
Broncos,,DST,,18,2026-01-04,Sat-Sun,DEN,LAC,-12.5,37.5,25,3800,21,6.8,7.7,7.8,10.3,2.70,
A.J.,Brown,WR,,18,2026-01-04,Sat-Sun,PHI,WAS,-4.5,38.5,21.5,6800,25,23.2,18.5,16.0,10.3,1.52,
Malik,Davis,RB,,18,2026-01-04,Sat-Sun,DAL,NYG,-3.5,51.5,27.5,5300,31,5.5,3.0,3.8,10.2,1.92,
Jake,Ferguson,TE,Q,18,2026-01-04,Sat-Sun,DAL,NYG,-3.5,51.5,27.5,4300,6,8.0,9.5,12.1,10.2,2.37,
Ricky,Pearsall,WR,Q,18,2026-01-03,Sat-Sun,SF,SEA,+1.5,47.5,23,5100,11,6.3,13.2,10.1,10.2,2.00,
Woody,Marks,RB,,18,2026-01-04,Sat-Sun,HOU,IND,-10.5,39.5,25,5800,13,9.6,9.7,9.7,10.1,1.74,
Deebo,Samuel Sr.,WR,,18,2026-01-04,Sat-Sun,WAS,PHI,+4.5,38.5,17,5000,7,10.5,10.8,12.3,10.1,2.02,
Alec,Pierce,WR,,18,2026-01-04,Sat-Sun,IND,HOU,+10.5,39.5,14.5,4500,2,12.3,13.1,12.1,9.9,2.21,
Zach,Charbonnet,RB,,18,2026-01-03,Sat-Sun,SEA,SF,-1.5,47.5,24.5,5600,17,10.0,10.1,9.8,9.9,1.76,
AJ,Barner,TE,,18,2026-01-03,Sat-Sun,SEA,SF,-1.5,47.5,24.5,3700,21,7.6,7.9,8.7,9.9,2.69,
Jerry,Jeudy,WR,,18,2026-01-04,Sat-Sun,CLE,CIN,+7.5,44.5,18.5,4100,4,6.9,7.2,7.1,9.8,2.39,
Tre,Tucker,WR,,18,2026-01-04,Sat-Sun,LV,KC,+5.5,36.5,15.5,4000,13,4.9,7.2,10.0,9.8,2.46,
Colby,Parkinson,TE,,18,2026-01-04,Sat-Sun,LAR,ARI,-7.5,45.5,26.5,3700,24,12.3,9.6,8.3,9.6,2.60,
Rhamondre,Stevenson,RB,,18,2026-01-04,Sat-Sun,NE,MIA,-10.5,45.5,28,5600,25,9.5,9.3,9.9,9.6,1.71,
Theo,Johnson,TE,Q,18,2026-01-04,Sat-Sun,NYG,DAL,+3.5,51.5,24,3400,14,6.7,8.5,8.5,9.5,2.78,
Dalton,Schultz,TE,,18,2026-01-04,Sat-Sun,HOU,IND,-10.5,39.5,25,3800,27,11.1,12.2,10.8,9.4,2.47,
Travis,Kelce,TE,,18,2026-01-04,Sat-Sun,KC,LV,-5.5,36.5,21,4700,4,8.3,12.2,12.0,9.4,2.00,
Emanuel,Wilson,RB,,18,2026-01-04,Sat-Sun,GB,MIN,+7.5,35.5,14,5500,14,8.1,7.3,6.3,9.4,1.71,
Colston,Loveland,TE,,18,2026-01-04,Sat-Sun,CHI,DET,-2.5,50.5,26.5,3900,17,9.9,11.1,8.7,9.2,2.35,
Michael,Pittman Jr.,WR,,18,2026-01-04,Sat-Sun,IND,HOU,+10.5,39.5,14.5,4700,2,9.1,12.1,13.3,9.2,1.96,
Chimere,Dike,WR,,18,2026-01-04,Sat-Sun,TEN,JAX,+12.5,47.5,17.5,4400,21,10.7,10.1,7.4,9.2,2.08,
Adonai,Mitchell,WR,,18,2026-01-04,Sat-Sun,NYJ,BUF,+7.5,37.5,15,4200,8,12.3,6.7,6.2,9.1,2.17,
Cooper,Kupp,WR,,18,2026-01-03,Sat-Sun,SEA,SF,-1.5,47.5,24.5,3600,19,7.8,8.1,8.0,9.1,2.53,
Tyler,Warren,TE,,18,2026-01-04,Sat-Sun,IND,HOU,+10.5,39.5,14.5,4400,12,7.1,10.5,11.4,8.9,2.01,
Darius,Slayton,WR,,18,2026-01-04,Sat-Sun,NYG,DAL,+3.5,51.5,24,4100,32,8.3,7.7,7.1,8.9,2.16,
DeVonta,Smith,WR,,18,2026-01-04,Sat-Sun,PHI,WAS,-4.5,38.5,21.5,5800,25,11.1,13.4,13.0,8.9,1.53,
Michael,Mayer,TE,,18,2026-01-04,Sat-Sun,LV,KC,+5.5,36.5,15.5,3500,7,3.9,4.8,4.8,8.8,2.51,
Rashid,Shaheed,WR,Q,18,2026-01-03,Sat-Sun,SEA,SF,-1.5,47.5,24.5,4400,19,8.2,8.5,9.9,8.8,2.00,
Jayden,Higgins,WR,,18,2026-01-04,Sat-Sun,HOU,IND,-10.5,39.5,25,4500,30,7.2,7.5,6.8,8.7,1.94,
Tyjae,Spears,RB,,18,2026-01-04,Sat-Sun,TEN,JAX,+12.5,47.5,17.5,4900,2,9.7,10.0,9.2,8.6,1.76,
Michael,Carter,RB,,18,2026-01-04,Sat-Sun,ARI,LAR,+7.5,45.5,19,5100,5,9.0,8.6,7.8,8.5,1.66,
Harold,Fannin Jr.,TE,Q,18,2026-01-04,Sat-Sun,CLE,CIN,+7.5,44.5,18.5,5000,32,16.1,13.5,12.0,8.4,1.68,
Texans,,DST,,18,2026-01-04,Sat-Sun,HOU,IND,-10.5,39.5,25,3700,6,9.4,10.1,9.6,8.4,2.27,
Xavier,Worthy,WR,,18,2026-01-04,Sat-Sun,KC,LV,-5.5,36.5,21,4600,24,8.3,8.2,8.5,8.4,1.82,
Chris,Rodriguez Jr.,RB,Q,18,2026-01-04,Sat-Sun,WAS,PHI,+4.5,38.5,17,5300,23,9.3,7.3,7.0,8.4,1.58,
David,Montgomery,RB,,18,2026-01-04,Sat-Sun,DET,CHI,+2.5,50.5,24,5000,11,8.9,8.5,10.6,8.3,1.66,
Isiah,Pacheco,RB,,18,2026-01-04,Sat-Sun,KC,LV,-5.5,36.5,21,5200,22,5.9,7.5,7.0,8.3,1.59,
Bills,,DST,,18,2026-01-04,Sat-Sun,BUF,NYJ,-7.5,37.5,22.5,3500,28,8.6,7.6,6.7,8.2,2.34,
Jordan,Addison,WR,,18,2026-01-04,Sat-Sun,MIN,GB,-7.5,35.5,21.5,4800,18,6.4,9.3,10.6,8.2,1.71,
James,Cook III,RB,,18,2026-01-04,Sat-Sun,BUF,NYJ,-7.5,37.5,22.5,7900,27,24.6,21.7,21.5,8.1,1.02,
Kareem,Hunt,RB,,18,2026-01-04,Sat-Sun,KC,LV,-5.5,36.5,21,4700,22,9.0,9.4,9.3,8.1,1.72,
Rome,Odunze,WR,Q,18,2026-01-04,Sat-Sun,CHI,DET,-2.5,50.5,26.5,5600,31,7.6,10.2,12.7,8.0,1.43,
T.J.,Hockenson,TE,Q,18,2026-01-04,Sat-Sun,MIN,GB,-7.5,35.5,21.5,3100,11,7.8,7.3,7.5,8.0,2.57,
Kayshon,Boutte,WR,Q,18,2026-01-04,Sat-Sun,NE,MIA,-10.5,45.5,28,4800,9,4.7,9.0,9.4,8.0,1.67,
Dallas,Goedert,TE,,18,2026-01-04,Sat-Sun,PHI,WAS,-4.5,38.5,21.5,4000,26,12.3,12.6,12.7,8.0,2.00,
Devin,Singletary,RB,,18,2026-01-04,Sat-Sun,NYG,DAL,+3.5,51.5,24,5000,26,9.9,7.2,5.4,7.8,1.56,
Eagles,,DST,,18,2026-01-04,Sat-Sun,PHI,WAS,-4.5,38.5,21.5,3100,19,8.6,8.1,7.9,7.8,2.51,
Raheim,Sanders,RB,,18,2026-01-04,Sat-Sun,CLE,CIN,+7.5,44.5,18.5,4700,32,6.0,6.0,6.0,7.7,1.64,
Jaguars,,DST,,18,2026-01-04,Sat-Sun,JAX,TEN,-12.5,47.5,30,4000,29,9.4,7.1,8.3,7.7,1.93,
Jacory,Croskey-Merritt,RB,,18,2026-01-04,Sat-Sun,WAS,PHI,+4.5,38.5,17,5300,23,6.7,5.5,8.0,7.7,1.46,
Pat,Freiermuth,TE,,18,2026-01-04,Sat-Sun,PIT,BAL,+3.5,41.5,19,3300,8,6.0,8.6,7.6,7.7,2.32,
Isaiah,Likely,TE,,18,2026-01-04,Sat-Sun,BAL,PIT,-3.5,41.5,22.5,3000,30,7.0,6.9,5.8,7.7,2.56,
Darnell,Mooney,WR,,18,2026-01-04,Sat-Sun,ATL,NO,-3.5,45.5,24.5,3900,5,6.7,5.7,5.5,7.5,1.93,
Tyler,Allgeier,RB,,18,2026-01-04,Sat-Sun,ATL,NO,-3.5,45.5,24.5,4700,18,7.6,7.7,7.9,7.5,1.59,
Bengals,,DST,,18,2026-01-04,Sat-Sun,CIN,CLE,-7.5,44.5,26,3400,30,7.8,4.8,4.1,7.5,2.20,
Samaje,Perine,RB,,18,2026-01-04,Sat-Sun,CIN,CLE,-7.5,44.5,26,4500,15,5.8,6.0,5.3,7.5,1.66,
Marvin,Mims Jr.,WR,,18,2026-01-04,Sat-Sun,DEN,LAC,-12.5,37.5,25,3600,6,5.0,7.2,6.7,7.5,2.07,
Elic,Ayomanor,WR,,18,2026-01-04,Sat-Sun,TEN,JAX,+12.5,47.5,17.5,3900,21,4.9,5.6,6.8,7.5,1.93,
Chiefs,,DST,,18,2026-01-04,Sat-Sun,KC,LV,-5.5,36.5,21,3200,32,3.0,4.4,5.1,7.5,2.33,
Chris,Brooks,RB,,18,2026-01-04,Sat-Sun,GB,MIN,+7.5,35.5,14,4500,14,2.2,1.8,2.0,7.5,1.66,
Ravens,,DST,,18,2026-01-04,Sat-Sun,BAL,PIT,-3.5,41.5,22.5,2800,14,8.6,8.4,5.8,7.5,2.68,
Ty,Johnson,RB,,18,2026-01-04,Sat-Sun,BUF,NYJ,-7.5,37.5,22.5,4900,27,6.6,6.6,4.9,7.4,1.52,
Vikings,,DST,,18,2026-01-04,Sat-Sun,MIN,GB,-7.5,35.5,21.5,3000,4,8.2,5.7,6.9,7.4,2.48,
Mark,Andrews,TE,,18,2026-01-04,Sat-Sun,BAL,PIT,-3.5,41.5,22.5,3500,30,4.2,7.7,8.1,7.4,2.11,
John,Metchie III,WR,,18,2026-01-04,Sat-Sun,NYJ,BUF,+7.5,37.5,15,3700,8,8.0,6.0,6.0,7.3,1.98,
Josh,Downs,WR,,18,2026-01-04,Sat-Sun,IND,HOU,+10.5,39.5,14.5,4200,2,7.6,9.6,8.7,7.3,1.73,
Rams,,DST,,18,2026-01-04,Sat-Sun,LAR,ARI,-7.5,45.5,26.5,3600,25,6.4,8.4,7.9,7.3,2.02,
Falcons,,DST,,18,2026-01-04,Sat-Sun,ATL,NO,-3.5,45.5,24.5,2800,27,5.8,5.7,6.3,7.2,2.56,
Jack,Bech,WR,Q,18,2026-01-04,Sat-Sun,LV,KC,+5.5,36.5,15.5,3900,13,5.6,3.9,3.9,7.2,1.83,
Patriots,,DST,,18,2026-01-04,Sat-Sun,NE,MIA,-10.5,45.5,28,3900,24,5.8,6.7,7.2,7.2,1.84,
Isaac,TeSlaa,WR,,18,2026-01-04,Sat-Sun,DET,CHI,+2.5,50.5,24,3700,23,7.3,4.7,4.9,7.1,1.91,
Tre',Harris,WR,,18,2026-01-04,Sat-Sun,LAC,DEN,+12.5,37.5,12.5,3600,10,5.7,5.5,4.4,7.1,1.97,
Emari,Demercado,RB,,18,2026-01-04,Sat-Sun,ARI,LAR,+7.5,45.5,19,4600,5,6.3,5.4,5.4,7.1,1.55,
Hollywood,Brown,WR,,18,2026-01-04,Sat-Sun,KC,LV,-5.5,36.5,21,4000,24,5.9,7.8,9.0,7.1,1.78,
Malik,Washington,WR,,18,2026-01-04,Sat-Sun,MIA,NE,+10.5,45.5,17.5,3700,16,6.1,7.6,7.0,7.0,1.89,
Evan,Engram,TE,,18,2026-01-04,Sat-Sun,DEN,LAC,-12.5,37.5,25,3200,5,6.4,6.2,6.4,6.9,2.15,
Jaret,Patterson,RB,,18,2026-01-04,Sat-Sun,LAC,DEN,+12.5,37.5,12.5,4100,1,3.8,5.3,4.7,6.9,1.68,
Troy,Franklin,WR,,18,2026-01-04,Sat-Sun,DEN,LAC,-12.5,37.5,25,4900,6,10.4,11.9,11.5,6.9,1.42,
Tyler,Lockett,WR,,18,2026-01-04,Sat-Sun,LV,KC,+5.5,36.5,15.5,3600,13,4.8,4.5,4.2,6.9,1.91,
Packers,,DST,,18,2026-01-04,Sat-Sun,GB,MIN,+7.5,35.5,14,2900,31,5.0,5.5,5.1,6.9,2.37,
Khalil,Shakir,WR,,18,2026-01-04,Sat-Sun,BUF,NYJ,-7.5,37.5,22.5,5000,15,10.2,10.3,10.7,6.8,1.36,
Chig,Okonkwo,TE,,18,2026-01-04,Sat-Sun,TEN,JAX,+12.5,47.5,17.5,3400,23,8.3,7.3,7.2,6.8,2.00,
Steelers,,DST,,18,2026-01-04,Sat-Sun,PIT,BAL,+3.5,41.5,19,2600,18,6.2,7.2,7.7,6.8,2.61,
Christian,Kirk,WR,,18,2026-01-04,Sat-Sun,HOU,IND,-10.5,39.5,25,3200,30,5.5,6.3,6.1,6.7,2.10,
Gunnar,Helm,TE,,18,2026-01-04,Sat-Sun,TEN,JAX,+12.5,47.5,17.5,2500,23,7.8,7.0,6.0,6.7,2.68,
Jonnu,Smith,TE,,18,2026-01-04,Sat-Sun,PIT,BAL,+3.5,41.5,19,2700,8,4.2,4.3,5.1,6.7,2.49,
Keaton,Mitchell,RB,,18,2026-01-04,Sat-Sun,BAL,PIT,-3.5,41.5,22.5,4700,12,5.9,4.9,4.9,6.5,1.38,
Seahawks,,DST,,18,2026-01-03,Sat-Sun,SEA,SF,-1.5,47.5,24.5,2700,10,11.8,11.1,10.5,6.5,2.41,
Tyrell,Shavers,WR,,18,2026-01-04,Sat-Sun,BUF,NYJ,-7.5,37.5,22.5,3100,15,6.0,5.4,4.4,6.4,2.07,
JuJu,Smith-Schuster,WR,,18,2026-01-04,Sat-Sun,KC,LV,-5.5,36.5,21,3500,24,1.1,3.1,4.7,6.4,1.84,
Treylon,Burks,WR,,18,2026-01-04,Sat-Sun,WAS,PHI,+4.5,38.5,17,3500,7,4.3,3.0,4.0,6.4,1.83,
Rashod,Bateman,WR,,18,2026-01-04,Sat-Sun,BAL,PIT,-3.5,41.5,22.5,3200,29,3.5,4.7,4.5,6.4,2.00,
Kevin,Austin Jr.,WR,,18,2026-01-04,Sat-Sun,NO,ATL,+3.5,45.5,21,3400,20,3.1,3.2,3.4,6.3,1.86,
Isaiah,Williams,WR,,18,2026-01-04,Sat-Sun,NYJ,BUF,+7.5,37.5,15,3200,8,6.0,4.5,5.6,6.3,1.98,
Omarion,Hampton,RB,,18,2026-01-04,Sat-Sun,LAC,DEN,+12.5,37.5,12.5,6600,1,16.4,14.8,14.8,6.3,0.95,
Colts,,DST,,18,2026-01-04,Sat-Sun,IND,HOU,+10.5,39.5,14.5,2000,12,3.0,4.3,6.3,6.3,3.13,
Darren,Waller,TE,,18,2026-01-04,Sat-Sun,MIA,NE,+10.5,45.5,17.5,3600,29,10.2,11.3,12.5,6.3,1.76,
Jordan,Mason,RB,Q,18,2026-01-04,Sat-Sun,MIN,GB,-7.5,35.5,21.5,5200,4,5.2,5.9,8.2,6.2,1.19,
Adam,Thielen,WR,,18,2026-01-04,Sat-Sun,PIT,BAL,+3.5,41.5,19,3500,27,2.7,2.2,2.4,6.2,1.79,
Calvin,Austin III,WR,Q,18,2026-01-04,Sat-Sun,PIT,BAL,+3.5,41.5,19,3200,27,2.7,3.9,5.5,6.2,1.94,
Konata,Mumpfield,WR,,18,2026-01-04,Sat-Sun,LAR,ARI,-7.5,45.5,26.5,3200,14,2.6,3.2,3.2,6.1,1.90,
Isaiah,Hodgins,WR,,18,2026-01-04,Sat-Sun,NYG,DAL,+3.5,51.5,24,3100,32,5.5,3.8,6.4,6.1,1.95,
Jackson,Hawes,TE,,18,2026-01-04,Sat-Sun,BUF,NYJ,-7.5,37.5,22.5,2600,22,4.1,4.6,4.3,6.0,2.29,
Browns,,DST,,18,2026-01-04,Sat-Sun,CLE,CIN,+7.5,44.5,18.5,2400,26,4.6,7.9,6.9,6.0,2.50,
KeAndre,Lambert-Smith,WR,,18,2026-01-04,Sat-Sun,LAC,DEN,+12.5,37.5,12.5,3300,10,2.3,2.3,2.3,6.0,1.82,
Tank,Bigsby,RB,,18,2026-01-04,Sat-Sun,PHI,WAS,-4.5,38.5,21.5,5400,28,4.0,4.9,4.1,6.0,1.11,
Marquez,Valdes-Scantling,WR,,18,2026-01-04,Sat-Sun,PIT,BAL,+3.5,41.5,19,3100,27,3.3,3.4,2.6,6.0,1.93,
Saints,,DST,,18,2026-01-04,Sat-Sun,NO,ATL,+3.5,45.5,21,2500,20,8.6,6.6,6.6,5.9,2.35,
Mason,Tipton,WR,Q,18,2026-01-04,Sat-Sun,NO,ATL,+3.5,45.5,21,3200,20,4.1,2.4,3.4,5.9,1.84,
Bears,,DST,,18,2026-01-04,Sat-Sun,CHI,DET,-2.5,50.5,26.5,2600,1,7.2,6.7,6.9,5.7,2.21,
Mike,Gesicki,TE,,18,2026-01-04,Sat-Sun,CIN,CLE,-7.5,44.5,26,3300,13,9.3,6.1,6.1,5.7,1.73,
Quentin,Johnston,WR,,18,2026-01-04,Sat-Sun,LAC,DEN,+12.5,37.5,12.5,5400,10,9.3,12.0,13.4,5.6,1.03,
DeMario,Douglas,WR,,18,2026-01-04,Sat-Sun,NE,MIA,-10.5,45.5,28,3800,9,4.1,7.6,6.6,5.6,1.48,
Cowboys,,DST,,18,2026-01-04,Sat-Sun,DAL,NYG,-3.5,51.5,27.5,3300,23,1.2,4.3,3.6,5.6,1.70,
Efton,Chism III,WR,,18,2026-01-04,Sat-Sun,NE,MIA,-10.5,45.5,28,3300,9,,,,5.5,1.68,
Raiders,,DST,,18,2026-01-04,Sat-Sun,LV,KC,+5.5,36.5,15.5,2400,15,2.6,4.3,3.7,5.4,2.25,
Matthew,Golden,WR,,18,2026-01-04,Sat-Sun,GB,MIN,+7.5,35.5,14,3800,1,3.0,6.1,5.5,5.4,1.41,
49ers,,DST,,18,2026-01-03,Sat-Sun,SF,SEA,+1.5,47.5,23,2900,11,7.6,4.7,4.9,5.4,1.87,
Cam,Akers,RB,,18,2026-01-03,Sat-Sun,SEA,SF,-1.5,47.5,24.5,4000,17,6.6,6.0,,5.4,1.36,
Ryan,Flournoy,WR,Q,18,2026-01-04,Sat-Sun,DAL,NYG,-3.5,51.5,27.5,3800,26,10.7,10.0,9.0,5.3,1.39,
Lions,,DST,,18,2026-01-04,Sat-Sun,DET,CHI,+2.5,50.5,24,2700,5,3.2,4.1,5.7,5.2,1.92,
Chargers,,DST,,18,2026-01-04,Sat-Sun,LAC,DEN,+12.5,37.5,12.5,2100,8,7.0,7.1,6.5,5.2,2.46,
Jets,,DST,,18,2026-01-04,Sat-Sun,NYJ,BUF,+7.5,37.5,15,2000,7,2.6,4.5,3.6,5.1,2.54,
Ladd,McConkey,WR,,18,2026-01-04,Sat-Sun,LAC,DEN,+12.5,37.5,12.5,5900,10,7.7,13.5,12.2,5.1,0.86,
Xavier,Smith,WR,,18,2026-01-04,Sat-Sun,LAR,ARI,-7.5,45.5,26.5,3000,14,4.9,3.6,4.5,5.1,1.71,
Malachi,Corley,WR,,18,2026-01-04,Sat-Sun,CLE,CIN,+7.5,44.5,18.5,3000,4,2.1,2.4,2.4,5.0,1.67,
Terrance,Ferguson,TE,,18,2026-01-04,Sat-Sun,LAR,ARI,-7.5,45.5,26.5,2700,24,2.8,3.9,3.9,5.0,1.84,
Savion,Williams,WR,Q,18,2026-01-04,Sat-Sun,GB,MIN,+7.5,35.5,14,3000,1,1.9,2.5,2.4,5.0,1.68,
D'Ernest,Johnson,RB,,18,2026-01-04,Sat-Sun,NE,MIA,-10.5,45.5,28,4600,25,1.5,1.3,0.2,5.0,1.09,
Giants,,DST,,18,2026-01-04,Sat-Sun,NYG,DAL,+3.5,51.5,24,2300,3,5.6,4.0,3.6,5.0,2.20,
Commanders,,DST,,18,2026-01-04,Sat-Sun,WAS,PHI,+4.5,38.5,17,2300,9,4.4,2.8,4.3,5.0,2.19,
Keon,Coleman,WR,,18,2026-01-04,Sat-Sun,BUF,NYJ,-7.5,37.5,22.5,3200,15,7.2,6.9,8.9,4.9,1.52,
Andrei,Iosivas,WR,,18,2026-01-04,Sat-Sun,CIN,CLE,-7.5,44.5,26,3500,3,5.5,6.0,6.1,4.9,1.41,
Jawhar,Jordan,RB,,18,2026-01-04,Sat-Sun,HOU,IND,-10.5,39.5,25,4300,13,14.4,14.4,14.4,4.9,1.13,
Cardinals,,DST,,18,2026-01-04,Sat-Sun,ARI,LAR,+7.5,45.5,19,2200,2,4.4,4.2,5.1,4.9,2.22,
Jalen,Nailor,WR,,18,2026-01-04,Sat-Sun,MIN,GB,-7.5,35.5,21.5,3300,18,5.1,6.3,6.4,4.9,1.49,
Kyle,Williams,WR,,18,2026-01-04,Sat-Sun,NE,MIA,-10.5,45.5,28,4300,9,8.0,4.2,4.0,4.9,1.14,
James,Proche II,WR,,18,2026-01-04,Sat-Sun,TEN,JAX,+12.5,47.5,17.5,3000,21,1.9,1.2,2.4,4.8,1.61,
Dolphins,,DST,,18,2026-01-04,Sat-Sun,MIA,NE,+10.5,45.5,17.5,2200,16,7.2,6.1,5.7,4.8,2.20,
Jaydon,Blue,RB,,18,2026-01-04,Sat-Sun,DAL,NYG,-3.5,51.5,27.5,4300,31,2.0,2.0,2.0,4.8,1.11,
Rasheen,Ali,RB,,18,2026-01-04,Sat-Sun,BAL,PIT,-3.5,41.5,22.5,4200,12,4.2,2.5,3.6,4.8,1.14,
Khalil,Herbert,RB,,18,2026-01-04,Sat-Sun,NYJ,BUF,+7.5,37.5,15,4200,29,3.7,2.2,0.5,4.7,1.11,
Christian,Watson,WR,,18,2026-01-04,Sat-Sun,GB,MIN,+7.5,35.5,14,5200,1,12.5,11.0,12.2,4.7,0.91,
Bhayshul,Tuten,RB,Q,18,2026-01-04,Sat-Sun,JAX,TEN,-12.5,47.5,30,5100,19,6.6,5.4,5.8,4.6,0.90,
KaVontae,Turpin,WR,,18,2026-01-04,Sat-Sun,DAL,NYG,-3.5,51.5,27.5,3700,26,5.2,4.0,5.3,4.6,1.23,
Hunter,Luepke,RB,,18,2026-01-04,Sat-Sun,DAL,NYG,-3.5,51.5,27.5,4000,31,3.3,3.1,3.2,4.6,1.16,
Jeremy,McNichols,RB,,18,2026-01-04,Sat-Sun,WAS,PHI,+4.5,38.5,17,4300,23,3.7,4.7,4.8,4.6,1.06,
Cole,Kmet,TE,,18,2026-01-04,Sat-Sun,CHI,DET,-2.5,50.5,26.5,2900,17,5.7,4.5,5.0,4.5,1.55,
Ronnie,Rivers,RB,,18,2026-01-04,Sat-Sun,LAR,ARI,-7.5,45.5,26.5,4200,30,3.4,1.7,4.1,4.5,1.07,
Xavier,Weaver,WR,,18,2026-01-04,Sat-Sun,ARI,LAR,+7.5,45.5,19,3100,28,1.9,1.3,1.9,4.5,1.44,
Greg,Dulcich,TE,,18,2026-01-04,Sat-Sun,MIA,NE,+10.5,45.5,17.5,2600,29,5.7,4.2,5.9,4.5,1.75,
Taysom,Hill,TE,,18,2026-01-04,Sat-Sun,NO,ATL,+3.5,45.5,21,2700,3,4.0,3.6,3.3,4.4,1.63,
Blake,Corum,RB,Q,18,2026-01-04,Sat-Sun,LAR,ARI,-7.5,45.5,26.5,5700,30,14.4,9.2,7.7,4.4,0.77,
Darius,Cooper,WR,,18,2026-01-04,Sat-Sun,PHI,WAS,-4.5,38.5,21.5,3300,25,3.5,3.5,3.5,4.4,1.33,
Ben,Sinnott,TE,,18,2026-01-04,Sat-Sun,WAS,PHI,+4.5,38.5,17,2900,2,3.7,2.4,3.4,4.4,1.52,
Mason,Taylor,TE,Q,18,2026-01-04,Sat-Sun,NYJ,BUF,+7.5,37.5,15,3000,1,5.5,7.9,6.8,4.3,1.43,
Trayveon,Williams,RB,,18,2026-01-04,Sat-Sun,CLE,CIN,+7.5,44.5,18.5,4200,32,2.6,1.3,4.4,4.3,1.04,
Cedric,Tillman,WR,,18,2026-01-04,Sat-Sun,CLE,CIN,+7.5,44.5,18.5,3100,4,3.0,5.2,5.2,4.3,1.38,
Jaleel,McLaughlin,RB,,18,2026-01-04,Sat-Sun,DEN,LAC,-12.5,37.5,25,4300,7,4.1,4.4,3.4,4.3,1.01,
Isaiah,Bond,WR,,18,2026-01-04,Sat-Sun,CLE,CIN,+7.5,44.5,18.5,3000,4,4.9,4.2,3.8,4.2,1.38,
Jayden,Reed,WR,,18,2026-01-04,Sat-Sun,GB,MIN,+7.5,35.5,14,4300,1,9.8,7.9,10.1,4.2,0.97,
Trey,Sermon,RB,,18,2026-01-04,Sat-Sun,PIT,BAL,+3.5,41.5,19,4000,20,1.8,1.7,,4.2,1.04,
Joshua,Palmer,WR,,18,2026-01-04,Sat-Sun,BUF,NYJ,-7.5,37.5,22.5,3400,15,3.9,4.9,4.9,4.1,1.20,
Keenan,Allen,WR,,18,2026-01-04,Sat-Sun,LAC,DEN,+12.5,37.5,12.5,4600,10,7.9,9.7,11.5,4.1,0.89,
Jaylen,Wright,RB,,18,2026-01-04,Sat-Sun,MIA,NE,+10.5,45.5,17.5,4200,6,7.2,4.2,5.9,4.1,0.98,
Dawson,Knox,TE,,18,2026-01-04,Sat-Sun,BUF,NYJ,-7.5,37.5,22.5,3600,22,9.7,7.4,6.1,4.0,1.10,
Romeo,Doubs,WR,,18,2026-01-04,Sat-Sun,GB,MIN,+7.5,35.5,14,4700,1,8.3,9.1,10.4,4.0,0.86,
Jahan,Dotson,WR,,18,2026-01-04,Sat-Sun,PHI,WAS,-4.5,38.5,21.5,3800,25,2.8,3.3,3.6,4.0,1.05,
Lil'Jordan,Humphrey,WR,,18,2026-01-04,Sat-Sun,DEN,LAC,-12.5,37.5,25,3400,6,4.2,3.5,5.1,3.9,1.14,
Elijah,Higgins,TE,,18,2026-01-04,Sat-Sun,ARI,LAR,+7.5,45.5,19,2500,19,4.8,4.4,4.1,3.9,1.54,
Josh,Whyle,TE,,18,2026-01-04,Sat-Sun,GB,MIN,+7.5,35.5,14,2500,9,4.3,4.2,2.9,3.9,1.58,
Will,Shipley,RB,,18,2026-01-04,Sat-Sun,PHI,WAS,-4.5,38.5,21.5,4400,28,1.9,1.5,1.7,3.9,0.88,
Kaleb,Johnson,RB,,18,2026-01-04,Sat-Sun,PIT,BAL,+3.5,41.5,19,4000,20,0.6,0.9,0.9,3.9,0.97,
Brandin,Cooks,WR,,18,2026-01-04,Sat-Sun,BUF,NYJ,-7.5,37.5,22.5,3500,15,2.2,2.8,3.2,3.8,1.09,
Davis,Allen,TE,,18,2026-01-04,Sat-Sun,LAR,ARI,-7.5,45.5,26.5,2500,24,4.3,4.4,4.5,3.8,1.54,
Gabe,Davis,WR,,18,2026-01-04,Sat-Sun,BUF,NYJ,-7.5,37.5,22.5,3300,15,3.4,5.0,4.0,3.7,1.12,
Titans,,DST,,18,2026-01-04,Sat-Sun,TEN,JAX,+12.5,47.5,17.5,2100,13,5.2,5.9,5.3,3.7,1.78,
Brashard,Smith,RB,,18,2026-01-04,Sat-Sun,KC,LV,-5.5,36.5,21,4200,22,2.3,3.8,3.5,3.7,0.89,
Patrick,Ricard,RB,,18,2026-01-04,Sat-Sun,BAL,PIT,-3.5,41.5,22.5,4000,12,0.5,0.3,0.2,3.7,0.91,
Jonathan,Ward,RB,,18,2026-01-04,Sat-Sun,BAL,PIT,-3.5,41.5,22.5,4000,12,0.4,0.3,,3.7,0.91,
David,Sills V,WR,,18,2026-01-04,Sat-Sun,ATL,NO,-3.5,45.5,24.5,3400,5,6.6,4.0,4.0,3.6,1.05,
Kene,Nwangwu,RB,,18,2026-01-04,Sat-Sun,NYJ,BUF,+7.5,37.5,15,4000,29,0.0,0.1,,3.6,0.90,
Oronde,Gadsden II,TE,,18,2026-01-04,Sat-Sun,LAC,DEN,+12.5,37.5,12.5,3700,20,4.7,10.3,9.2,3.6,0.97,
Luke,Musgrave,TE,,18,2026-01-04,Sat-Sun,GB,MIN,+7.5,35.5,14,2800,9,5.0,4.1,3.8,3.6,1.29,
Daniel,Bellinger,TE,,18,2026-01-04,Sat-Sun,NYG,DAL,+3.5,51.5,24,2900,14,2.3,4.5,4.5,3.5,1.20,
Will,Dissly,TE,,18,2026-01-04,Sat-Sun,LAC,DEN,+12.5,37.5,12.5,2500,20,2.5,4.2,2.5,3.4,1.36,
Pat,Bryant,WR,Q,18,2026-01-04,Sat-Sun,DEN,LAC,-12.5,37.5,25,3800,6,8.4,6.4,6.2,3.4,0.91,
Noah,Gray,TE,,18,2026-01-04,Sat-Sun,KC,LV,-5.5,36.5,21,2700,4,3.0,3.0,2.9,3.4,1.28,
Dontayvion,Wicks,WR,Q,18,2026-01-04,Sat-Sun,GB,MIN,+7.5,35.5,14,3700,1,8.0,6.1,6.2,3.4,0.92,
Alvin,Kamara,RB,Q,18,2026-01-04,Sat-Sun,NO,ATL,+3.5,45.5,21,5500,16,6.4,8.9,9.3,3.3,0.60,
Javonte,Williams,RB,Q,18,2026-01-04,Sat-Sun,DAL,NYG,-3.5,51.5,27.5,6300,31,13.0,13.2,16.0,3.3,0.53,
Noah,Fant,TE,,18,2026-01-04,Sat-Sun,CIN,CLE,-7.5,44.5,26,2800,13,4.8,6.5,7.0,3.2,1.14,
Kalif,Raymond,WR,,18,2026-01-04,Sat-Sun,DET,CHI,+2.5,50.5,24,3600,23,7.0,5.7,5.7,3.1,0.86,
Xavier,Hutchinson,WR,,18,2026-01-04,Sat-Sun,HOU,IND,-10.5,39.5,25,3000,30,2.2,6.1,5.7,3.1,1.04,
Isaiah,Davis,RB,Q,18,2026-01-04,Sat-Sun,NYJ,BUF,+7.5,37.5,15,4700,29,5.3,5.4,4.9,3.0,0.64,
LeQuint,Allen Jr.,RB,,18,2026-01-04,Sat-Sun,JAX,TEN,-12.5,47.5,30,4600,19,2.0,1.9,1.9,3.0,0.64,
Stone,Smartt,TE,,18,2026-01-04,Sat-Sun,NYJ,BUF,+7.5,37.5,15,2500,1,2.5,3.8,4.2,2.9,1.14,
Brian,Robinson Jr.,RB,,18,2026-01-03,Sat-Sun,SF,SEA,+1.5,47.5,23,5000,3,2.9,4.6,4.1,2.9,0.59,
Adam,Trautman,TE,,18,2026-01-04,Sat-Sun,DEN,LAC,-12.5,37.5,25,2500,5,3.6,4.1,4.1,2.8,1.10,
Austin,Hooper,TE,,18,2026-01-04,Sat-Sun,NE,MIA,-10.5,45.5,28,2500,31,4.2,4.7,4.4,2.8,1.12,
Theo,Wease Jr.,WR,,18,2026-01-04,Sat-Sun,MIA,NE,+10.5,45.5,17.5,3200,16,5.2,5.2,5.2,2.8,0.87,
Kyle,Juszczyk,RB,Q,18,2026-01-03,Sat-Sun,SF,SEA,+1.5,47.5,23,4000,3,3.2,3.2,3.6,2.8,0.71,
Jeremy,Ruckert,TE,,18,2026-01-04,Sat-Sun,NYJ,BUF,+7.5,37.5,15,2500,1,4.0,3.5,3.8,2.7,1.09,
Olamide,Zaccheaus,WR,Q,18,2026-01-04,Sat-Sun,CHI,DET,-2.5,50.5,26.5,3600,31,3.9,5.7,6.1,2.7,0.75,
Tanner,Hudson,TE,,18,2026-01-04,Sat-Sun,CIN,CLE,-7.5,44.5,26,2500,13,3.7,4.5,4.7,2.7,1.06,
Ian,Thomas,TE,,18,2026-01-04,Sat-Sun,LV,KC,+5.5,36.5,15.5,2500,7,3.6,2.6,3.5,2.7,1.09,
Grant,Calcaterra,TE,,18,2026-01-04,Sat-Sun,PHI,WAS,-4.5,38.5,21.5,2600,26,1.9,1.3,1.9,2.7,1.03,
Lew,Nichols,RB,,18,2026-01-04,Sat-Sun,PIT,BAL,+3.5,41.5,19,4000,20,,,,2.7,0.68,
Lucas,Scott,RB,,18,2026-01-04,Sat-Sun,BAL,PIT,-3.5,41.5,22.5,4000,12,,,,2.7,0.68,
Anthony,Firkser,TE,,18,2026-01-04,Sat-Sun,DET,CHI,+2.5,50.5,24,2500,18,2.2,1.1,3.7,2.6,1.04,
Shane,Zylstra,TE,,18,2026-01-04,Sat-Sun,DET,CHI,+2.5,50.5,24,2500,18,1.0,0.8,5.0,2.6,1.05,
Blake,Whiteheart,TE,,18,2026-01-04,Sat-Sun,CLE,CIN,+7.5,44.5,18.5,2500,32,0.7,0.5,0.6,2.6,1.05,
Nick,Chubb,RB,,18,2026-01-04,Sat-Sun,HOU,IND,-10.5,39.5,25,4800,13,3.8,5.2,6.3,2.6,0.53,
Ty,Chandler,RB,,18,2026-01-04,Sat-Sun,MIN,GB,-7.5,35.5,21.5,4500,4,0.2,0.3,,2.6,0.57,
Tyler,Conklin,TE,,18,2026-01-04,Sat-Sun,LAC,DEN,+12.5,37.5,12.5,2500,20,3.1,7.1,3.1,2.5,1.00,
Tyler,Badie,RB,,18,2026-01-04,Sat-Sun,DEN,LAC,-12.5,37.5,25,4000,7,2.2,2.1,2.4,2.5,0.62,
John,Bates,TE,,18,2026-01-04,Sat-Sun,WAS,PHI,+4.5,38.5,17,2700,2,2.3,2.4,2.3,2.5,0.91,
Demarcus,Robinson,WR,,18,2026-01-03,Sat-Sun,SF,SEA,+1.5,47.5,23,3300,11,4.1,3.8,4.0,2.5,0.76,
Evan,Hull,RB,,18,2026-01-04,Sat-Sun,NO,ATL,+3.5,45.5,21,4500,16,1.0,1.1,1.3,2.4,0.53,
Ameer,Abdullah,RB,,18,2026-01-04,Sat-Sun,IND,HOU,+10.5,39.5,14.5,4800,10,3.0,3.1,3.1,2.4,0.49,
Jaylin,Noel,WR,,18,2026-01-04,Sat-Sun,HOU,IND,-10.5,39.5,25,3500,30,3.0,4.8,4.3,2.4,0.69,
Mason,Kinsey,WR,,18,2026-01-04,Sat-Sun,TEN,JAX,+12.5,47.5,17.5,3000,21,1.2,0.8,2.4,2.3,0.75,
Josh,Oliver,TE,,18,2026-01-04,Sat-Sun,MIN,GB,-7.5,35.5,21.5,3100,11,5.0,4.8,4.8,2.3,0.73,
Cade,Stover,TE,,18,2026-01-04,Sat-Sun,HOU,IND,-10.5,39.5,25,2500,27,3.6,3.9,3.6,2.2,0.88,
Raheem,Mostert,RB,Q,18,2026-01-04,Sat-Sun,LV,KC,+5.5,36.5,15.5,4400,8,2.0,1.9,2.5,2.2,0.50,
Jalen,Tolbert,WR,,18,2026-01-04,Sat-Sun,DAL,NYG,-3.5,51.5,27.5,3300,26,3.4,5.3,4.4,2.2,0.66,
Kendrick,Bourne,WR,,18,2026-01-03,Sat-Sun,SF,SEA,+1.5,47.5,23,3800,11,3.5,8.1,7.9,2.2,0.57,
Dante,Pettis,WR,,18,2026-01-04,Sat-Sun,NO,ATL,+3.5,45.5,21,3100,20,4.6,3.4,1.2,2.1,0.69,
Corey,Kiner,RB,,18,2026-01-04,Sat-Sun,ARI,LAR,+7.5,45.5,19,4000,5,2.2,2.2,2.2,2.1,0.52,
Kylen,Granson,TE,,18,2026-01-04,Sat-Sun,PHI,WAS,-4.5,38.5,21.5,2500,26,2.4,2.1,1.3,2.1,0.83,
Dareke,Young,WR,,18,2026-01-03,Sat-Sun,SEA,SF,-1.5,47.5,24.5,3000,19,1.4,0.7,3.4,2.1,0.71,
Tutu,Atwell,WR,,18,2026-01-04,Sat-Sun,LAR,ARI,-7.5,45.5,26.5,3500,14,5.4,4.0,4.7,2.0,0.58,
Dont'e,Thornton Jr.,WR,,18,2026-01-04,Sat-Sun,LV,KC,+5.5,36.5,15.5,3400,13,1.2,2.3,2.3,2.0,0.60,
Charlie,Woerner,TE,,18,2026-01-04,Sat-Sun,ATL,NO,-3.5,45.5,24.5,2500,10,2.5,1.7,2.1,1.9,0.74,
David,Njoku,TE,Q,18,2026-01-04,Sat-Sun,CLE,CIN,+7.5,44.5,18.5,3000,32,7.0,8.0,7.9,1.9,0.63,
Gage,Larvadain,WR,,18,2026-01-04,Sat-Sun,CLE,CIN,+7.5,44.5,18.5,3000,4,1.8,1.9,1.9,1.9,0.63,
Jordan,Whittington,WR,,18,2026-01-04,Sat-Sun,LAR,ARI,-7.5,45.5,26.5,3000,14,1.8,2.6,2.8,1.9,0.64,
Jake,Bobo,WR,,18,2026-01-03,Sat-Sun,SEA,SF,-1.5,47.5,24.5,3000,19,2.6,1.7,2.0,1.8,0.59,
Jalen,Brooks,WR,,18,2026-01-04,Sat-Sun,ARI,LAR,+7.5,45.5,19,3000,28,3.6,3.0,3.6,1.7,0.56,
Chris,Moore,WR,,18,2026-01-04,Sat-Sun,WAS,PHI,+4.5,38.5,17,3200,7,5.4,3.6,5.2,1.7,0.54,
Britain,Covey,WR,,18,2026-01-04,Sat-Sun,PHI,WAS,-4.5,38.5,21.5,3000,25,2.1,1.9,,1.7,0.58,
Drew,Sample,TE,,18,2026-01-04,Sat-Sun,CIN,CLE,-7.5,44.5,26,2500,13,2.6,3.1,2.8,1.6,0.65,
Mitch,Tinsley,WR,,18,2026-01-04,Sat-Sun,CIN,CLE,-7.5,44.5,26,3000,3,4.3,3.2,4.0,1.6,0.53,
Cedrick,Wilson Jr.,WR,,18,2026-01-04,Sat-Sun,MIA,NE,+10.5,45.5,17.5,3000,16,2.6,3.0,1.9,1.6,0.54,
Julian,Hill,TE,,18,2026-01-04,Sat-Sun,MIA,NE,+10.5,45.5,17.5,2500,29,2.8,2.5,3.1,1.6,0.63,
Luke,Schoonmaker,TE,,18,2026-01-04,Sat-Sun,DAL,NYG,-3.5,51.5,27.5,2800,6,1.9,2.2,1.8,1.6,0.56,
Jabari,Small,RB,,18,2026-01-04,Sat-Sun,DET,CHI,+2.5,50.5,24,4000,11,,,,1.5,0.37,
Jahdae,Walker,WR,,18,2026-01-04,Sat-Sun,CHI,DET,-2.5,50.5,26.5,3400,31,10.1,10.1,10.1,1.5,0.43,
Tim,Patrick,WR,,18,2026-01-04,Sat-Sun,JAX,TEN,-12.5,47.5,30,3100,22,6.8,5.0,4.6,1.5,0.49,
Jalen,Royals,WR,,18,2026-01-04,Sat-Sun,KC,LV,-5.5,36.5,21,3100,24,,,,1.5,0.48,
Tahj,Brooks,RB,,18,2026-01-04,Sat-Sun,CIN,CLE,-7.5,44.5,26,4000,15,0.7,0.7,0.7,1.4,0.35,
Amar,Johnson,RB,,18,2026-01-04,Sat-Sun,LAC,DEN,+12.5,37.5,12.5,4000,1,0.8,0.8,0.8,1.4,0.35,
Ollie,Gordon II,RB,,18,2026-01-04,Sat-Sun,MIA,NE,+10.5,45.5,17.5,4000,6,3.8,3.8,3.5,1.4,0.34,
Luke,Farrell,TE,,18,2026-01-03,Sat-Sun,SF,SEA,+1.5,47.5,23,2500,28,3.0,3.2,3.4,1.3,0.52,
Colson,Yankoff,TE,,18,2026-01-04,Sat-Sun,WAS,PHI,+4.5,38.5,17,2500,2,0.8,0.4,1.3,1.2,0.47,
Alec,Ingold,RB,,18,2026-01-04,Sat-Sun,MIA,NE,+10.5,45.5,17.5,4000,6,1.7,1.7,1.6,1.1,0.27,
Adam,Prentice,RB,,18,2026-01-04,Sat-Sun,DEN,LAC,-12.5,37.5,25,4000,7,2.5,1.4,1.4,1.0,0.24,
Michael,Bandy,WR,,18,2026-01-04,Sat-Sun,DEN,LAC,-12.5,37.5,25,3000,6,2.1,2.1,5.3,1.0,0.33,
Johnny,Mundt,TE,,18,2026-01-04,Sat-Sun,JAX,TEN,-12.5,47.5,30,2500,16,2.8,2.2,1.9,1.0,0.40,
Jared,Wiley,TE,,18,2026-01-04,Sat-Sun,KC,LV,-5.5,36.5,21,2500,4,0.3,0.4,1.4,1.0,0.39,
Tai,Felton,WR,,18,2026-01-04,Sat-Sun,MIN,GB,-7.5,35.5,21.5,3000,18,1.8,1.8,1.8,1.0,0.32,
Andrew,Beck,RB,,18,2026-01-04,Sat-Sun,NYJ,BUF,+7.5,37.5,15,4000,29,1.7,1.6,2.6,0.9,0.21,
Arian,Smith,WR,,18,2026-01-04,Sat-Sun,NYJ,BUF,+7.5,37.5,15,3000,8,1.1,1.2,1.2,0.9,0.29,
Scott,Matlock,RB,,18,2026-01-04,Sat-Sun,LAC,DEN,+12.5,37.5,12.5,4000,1,2.2,1.9,3.7,0.9,0.22,
Dylan,Laube,RB,,18,2026-01-04,Sat-Sun,LV,KC,+5.5,36.5,15.5,4000,8,1.1,0.6,1.4,0.9,0.22,
Brevyn,Spann-Ford,TE,,18,2026-01-04,Sat-Sun,DAL,NYG,-3.5,51.5,27.5,2600,6,2.5,1.5,1.9,0.9,0.36,
A.J.,Dillon,RB,,18,2026-01-04,Sat-Sun,PHI,WAS,-4.5,38.5,21.5,4000,28,1.8,4.9,1.8,0.9,0.23,
Eric,Saubert,TE,,18,2026-01-03,Sat-Sun,SEA,SF,-1.5,47.5,24.5,2500,21,3.4,2.0,2.1,0.9,0.38,
Derius,Davis,WR,Q,18,2026-01-04,Sat-Sun,LAC,DEN,+12.5,37.5,12.5,3000,10,0.4,2.7,0.2,0.8,0.27,
Kimani,Vidal,RB,Q,18,2026-01-04,Sat-Sun,LAC,DEN,+12.5,37.5,12.5,5100,1,9.0,12.2,11.4,0.8,0.15,
Alex,Bachman,WR,,18,2026-01-04,Sat-Sun,LV,KC,+5.5,36.5,15.5,3000,13,0.6,0.9,1.1,0.8,0.26,
Gunner,Olszewski,WR,,18,2026-01-04,Sat-Sun,NYG,DAL,+3.5,51.5,24,3000,32,1.7,0.8,2.8,0.8,0.28,
Reggie,Gilliam,RB,,18,2026-01-04,Sat-Sun,BUF,NYJ,-7.5,37.5,22.5,4000,27,0.3,0.2,1.2,0.7,0.18,
Mo,Alie-Cox,TE,,18,2026-01-04,Sat-Sun,IND,HOU,+10.5,39.5,14.5,2500,12,1.1,1.5,1.6,0.7,0.29,
C.J.,Ham,RB,,18,2026-01-04,Sat-Sun,MIN,GB,-7.5,35.5,21.5,4000,4,1.9,1.5,2.6,0.7,0.18,
Jake,Tonges,TE,,18,2026-01-03,Sat-Sun,SF,SEA,+1.5,47.5,23,3000,28,10.5,7.4,9.3,0.7,0.22,
Dare,Ogunbowale,RB,,18,2026-01-04,Sat-Sun,HOU,IND,-10.5,39.5,25,4000,13,3.4,2.6,2.9,0.6,0.14,
Quintin,Morris,TE,,18,2026-01-04,Sat-Sun,JAX,TEN,-12.5,47.5,30,2500,16,2.0,1.5,2.5,0.6,0.24,
Josiah,Deguara,TE,,18,2026-01-04,Sat-Sun,ARI,LAR,+7.5,45.5,19,2500,19,0.3,0.3,0.5,0.6,0.26,
Jonathan,Mingo,WR,,18,2026-01-04,Sat-Sun,DAL,NYG,-3.5,51.5,27.5,3000,26,2.0,1.3,1.2,0.6,0.20,
Devin,Duvernay,WR,,18,2026-01-04,Sat-Sun,CHI,DET,-2.5,50.5,26.5,3300,31,1.5,2.2,2.3,0.5,0.14,
Sione,Vaki,RB,,18,2026-01-04,Sat-Sun,DET,CHI,+2.5,50.5,24,4000,11,0.9,0.5,0.4,0.5,0.11,
Julius,Chestnut,RB,,18,2026-01-04,Sat-Sun,TEN,JAX,+12.5,47.5,17.5,4000,2,0.2,0.7,0.6,0.5,0.12,
Jarquez,Hunter,RB,,18,2026-01-04,Sat-Sun,LAR,ARI,-7.5,45.5,26.5,4000,30,,,,0.5,0.13,
Eric,Gray,RB,,18,2026-01-04,Sat-Sun,NYG,DAL,+3.5,51.5,24,4000,26,0.6,0.7,,0.5,0.11,
Dyami,Brown,WR,,18,2026-01-04,Sat-Sun,JAX,TEN,-12.5,47.5,30,3000,22,2.5,4.9,4.9,0.4,0.14,
Tahj,Washington,WR,,18,2026-01-04,Sat-Sun,MIA,NE,+10.5,45.5,17.5,3000,16,1.1,1.1,1.1,0.4,0.12,
Velus,Jones Jr.,RB,,18,2026-01-03,Sat-Sun,SEA,SF,-1.5,47.5,24.5,4000,17,0.4,0.7,,0.4,0.10,
Skyy,Moore,WR,,18,2026-01-03,Sat-Sun,SF,SEA,+1.5,47.5,23,3000,11,2.3,1.4,1.7,0.4,0.12,
Durham,Smythe,TE,,18,2026-01-04,Sat-Sun,CHI,DET,-2.5,50.5,26.5,2500,17,0.9,1.1,1.5,0.3,0.12,
Harrison,Bryant,TE,,18,2026-01-04,Sat-Sun,HOU,IND,-10.5,39.5,25,2500,27,0.5,0.7,0.7,0.3,0.10,
Tyler,Goodson,RB,Q,18,2026-01-04,Sat-Sun,IND,HOU,+10.5,39.5,14.5,4500,10,0.9,0.9,0.8,0.3,0.06,
Chris,Manhertz,TE,,18,2026-01-04,Sat-Sun,NYG,DAL,+3.5,51.5,24,2500,14,1.3,1.4,1.7,0.3,0.10,
Jordan,Watkins,WR,,18,2026-01-03,Sat-Sun,SF,SEA,+1.5,47.5,23,3000,11,2.3,2.3,2.3,0.3,0.09,
Teagan,Quitoriano,TE,,18,2026-01-04,Sat-Sun,ATL,NO,-3.5,45.5,24.5,2500,10,0.0,0.3,,0.2,0.09,
Kalel,Mullings,RB,,18,2026-01-04,Sat-Sun,TEN,JAX,+12.5,47.5,17.5,4000,2,0.2,0.2,0.2,0.2,0.05,
Nick,Vannett,TE,,18,2026-01-04,Sat-Sun,LAR,ARI,-7.5,45.5,26.5,2500,24,3.1,3.0,,0.2,0.09,
Pharaoh,Brown,TE,,18,2026-01-04,Sat-Sun,ARI,LAR,+7.5,45.5,19,2500,19,1.0,1.1,2.1,0.2,0.06,
Isaac,Guerendo,RB,,18,2026-01-03,Sat-Sun,SF,SEA,+1.5,47.5,23,4000,3,12.3,8.2,,0.2,0.04,
Robbie,Ouzts,RB,,18,2026-01-03,Sat-Sun,SEA,SF,-1.5,47.5,24.5,4000,17,,,,0.2,0.05,
DJ,Giddens,RB,,18,2026-01-04,Sat-Sun,IND,HOU,+10.5,39.5,14.5,4000,10,1.7,1.7,1.7,0.1,0.03,
Irvin,Charles,WR,O,18,2026-01-04,Sat-Sun,NYJ,BUF,+7.5,37.5,15,3000,8,0.0,0.0,,0.0,0.00,
Deshaun,Watson,QB,O,18,2026-01-04,Sat-Sun,CLE,CIN,+7.5,44.5,18.5,4000,27,10.5,11.6,,0.0,0.00,
Erick,All Jr.,TE,O,18,2026-01-04,Sat-Sun,CIN,CLE,-7.5,44.5,26,2500,13,3.1,4.0,,0.0,0.00,
Joe,Mixon,RB,O,18,2026-01-04,Sat-Sun,HOU,IND,-10.5,39.5,25,4800,13,11.3,15.7,,0.0,0.00,
Tank,Dell,WR,O,18,2026-01-04,Sat-Sun,HOU,IND,-10.5,39.5,25,3000,30,10.2,11.3,,0.0,0.00,
Van,Jefferson,WR,O,18,2026-01-04,Sat-Sun,TEN,JAX,+12.5,47.5,17.5,3400,21,4.1,5.6,4.8,0.0,0.00,
Gavin,Bartholomew,TE,O,18,2026-01-04,Sat-Sun,MIN,GB,-7.5,35.5,21.5,2500,11,,,,0.0,0.00,
A.J.,Henning,WR,O,18,2026-01-04,Sat-Sun,MIA,NE,+10.5,45.5,17.5,3000,16,,,,0.0,0.00,
Jayden,Daniels,QB,O,18,2026-01-04,Sat-Sun,WAS,PHI,+4.5,38.5,17,4000,7,15.9,19.1,17.0,0.0,0.00,
DK,Metcalf,WR,O,18,2026-01-04,Sat-Sun,PIT,BAL,+3.5,41.5,19,5400,27,13.6,11.2,12.9,0.0,0.00,
Darnell,Washington,TE,O,18,2026-01-04,Sat-Sun,PIT,BAL,+3.5,41.5,19,2800,8,4.8,6.4,5.9,0.0,0.00,
Brandon,Aiyuk,WR,O,18,2026-01-03,Sat-Sun,SF,SEA,+1.5,47.5,23,3000,11,10.5,9.5,,0.0,0.00,
Kurtis,Rourke,QB,O,18,2026-01-03,Sat-Sun,SF,SEA,+1.5,47.5,23,4000,10,,,,0.0,0.00,
