first_name,last_name,position,injury_status,week,game_date,slate,team,opp,spread,over_under,implied_team_score,salary,L5_dvp_rank,L5_fppg_avg,L10_fppg_avg,szn_fppg_avg,proj_points,value,ppg_actual,value_actual,player
Jahmyr,Gibbs,RB,,16,2025-12-21,Sat-Sun,DET,PIT,-7.5,51.5,29.5,8500,12,27.9,25.0,23.5,24.8,2.92,,,Jahmyr Gibbs
Bijan,Robinson,RB,,16,2025-12-21,Sat-Sun,ATL,ARI,-2.5,48.5,25.5,8700,28,24.4,21.7,22.5,23.1,2.65,,,Bijan Robinson
Josh,Allen,QB,,16,2025-12-21,Sat-Sun,BUF,CLE,-10.5,41.5,26.0,7200,4,27.6,25.3,25.4,22.1,3.07,,,Josh Allen
Amon-Ra,St. Brown,WR,,16,2025-12-21,Sat-Sun,DET,PIT,-7.5,51.5,29.5,8400,25,19.7,19.0,20.5,21.7,2.59,,,Amon-Ra St. Brown
De'Von,Achane,RB,,16,2025-12-21,Sat-Sun,MIA,CIN,3.5,47.5,22.0,8800,32,25.3,22.7,21.6,21.7,2.47,,,De'Von Achane
Lamar,Jackson,QB,Q,16,2025-12-21,Sat-Sun,BAL,NE,-2.5,48.5,25.5,6600,17,12.2,16.9,18.1,20.5,3.11,,,Lamar Jackson
Jared,Goff,QB,,16,2025-12-21,Sat-Sun,DET,PIT,-7.5,51.5,29.5,6300,26,19.9,19.7,19.5,19.7,3.12,,,Jared Goff
Justin,Herbert,QB,,16,2025-12-21,Sat-Sun,LAC,DAL,2.5,49.5,23.5,6000,32,11.7,18.1,18.9,19.6,3.27,,,Justin Herbert
Bo,Nix,QB,,16,2025-12-21,Sat-Sun,DEN,JAX,-3.5,46.5,25.0,6100,23,17.8,20.4,19.9,19.5,3.2,,,Bo Nix
Joe,Burrow,QB,,16,2025-12-21,Sat-Sun,CIN,MIA,-3.5,47.5,25.5,6500,21,13.6,19.3,13.6,19.5,3.0,,,Joe Burrow
Drake,Maye,QB,,16,2025-12-21,Sat-Sun,NE,BAL,2.5,48.5,23.0,6800,16,18.7,20.2,20.7,19.3,2.84,,,Drake Maye
James,Cook III,RB,,16,2025-12-21,Sat-Sun,BUF,CLE,-10.5,41.5,26.0,7700,14,22.8,19.3,20.9,19.3,2.51,,,James Cook III
Ja'Marr,Chase,WR,,16,2025-12-21,Sat-Sun,CIN,MIA,-3.5,47.5,25.5,8600,7,16.7,21.0,20.3,19.2,2.23,,,Ja'Marr Chase
Dak,Prescott,QB,,16,2025-12-21,Sat-Sun,DAL,LAC,-2.5,49.5,26.0,6700,2,23.3,21.5,21.2,19.1,2.85,,,Dak Prescott
Jacoby,Brissett,QB,,16,2025-12-21,Sat-Sun,ARI,ATL,2.5,48.5,23.0,5300,19,22.8,20.6,18.7,19.0,3.58,,,Jacoby Brissett
Trey,McBride,TE,,16,2025-12-21,Sat-Sun,ARI,ATL,2.5,48.5,23.0,7600,2,24.2,22.8,20.1,18.3,2.41,,,Trey McBride
C.J.,Stroud,QB,,16,2025-12-21,Sat-Sun,HOU,LV,-14.5,37.5,26.0,5500,18,15.2,16.5,15.9,18.3,3.33,,,C.J. Stroud
Baker,Mayfield,QB,,16,2025-12-21,Sat-Sun,TB,CAR,-2.5,45.5,24.0,5700,8,14.2,16.1,17.2,18.2,3.2,,,Baker Mayfield
Jaxson,Dart,QB,,16,2025-12-21,Sat-Sun,NYG,MIN,2.5,43.5,20.5,5800,3,22.1,20.2,18.4,18.1,3.13,,,Jaxson Dart
Tyler,Shough,QB,,16,2025-12-21,Sat-Sun,NO,NYJ,-6.5,40.5,23.5,5400,22,17.7,13.0,13.0,17.8,3.3,,,Tyler Shough
Trevor,Lawrence,QB,,16,2025-12-21,Sat-Sun,JAX,DEN,3.5,46.5,21.5,5900,6,25.1,22.5,19.8,17.6,2.98,,,Trevor Lawrence
CeeDee,Lamb,WR,Q,16,2025-12-21,Sat-Sun,DAL,LAC,-2.5,49.5,26.0,7800,1,19.5,19.7,19.7,17.2,2.2,,,CeeDee Lamb
Jordan,Love,QB,,16,2025-12-20,Sat-Sun,GB,CHI,1.5,46.5,22.5,5700,24,17.3,16.6,17.5,17.0,2.99,,,Jordan Love
Drake,London,WR,Q,16,2025-12-21,Sat-Sun,ATL,ARI,-2.5,48.5,25.5,7000,16,26.8,23.7,21.4,16.8,2.4,,,Drake London
Caleb,Williams,QB,,16,2025-12-20,Sat-Sun,CHI,GB,-1.5,46.5,24.0,5500,11,15.7,18.1,18.9,16.8,3.05,,,Caleb Williams
J.J.,McCarthy,QB,,16,2025-12-21,Sat-Sun,MIN,NYG,-2.5,43.5,23.0,4900,28,14.4,15.1,15.1,16.8,3.43,,,J.J. McCarthy
Aaron,Rodgers,QB,,16,2025-12-21,Sat-Sun,PIT,DET,7.5,51.5,22.0,5000,27,12.0,14.4,15.0,16.1,3.22,,,Aaron Rodgers
Derrick,Henry,RB,,16,2025-12-21,Sat-Sun,BAL,NE,-2.5,48.5,25.5,7100,6,17.5,16.1,15.4,16.0,2.26,,,Derrick Henry
Jameson,Williams,WR,,16,2025-12-21,Sat-Sun,DET,PIT,-7.5,51.5,29.5,6400,25,19.3,16.6,15.5,15.9,2.48,,,Jameson Williams
Nico,Collins,WR,,16,2025-12-21,Sat-Sun,HOU,LV,-14.5,37.5,26.0,7500,26,19.4,17.2,16.7,15.8,2.11,,,Nico Collins
Javonte,Williams,RB,Q,16,2025-12-21,Sat-Sun,DAL,LAC,-2.5,49.5,26.0,6400,11,13.8,15.6,16.7,15.7,2.45,,,Javonte Williams
RJ,Harvey,RB,,16,2025-12-21,Sat-Sun,DEN,JAX,-3.5,46.5,25.0,6200,4,13.3,12.7,11.6,15.6,2.52,,,RJ Harvey
Chris,Olave,WR,,16,2025-12-21,Sat-Sun,NO,NYJ,-6.5,40.5,23.5,6500,11,16.3,16.0,15.0,15.6,2.39,,,Chris Olave
Josh,Jacobs,RB,Q,16,2025-12-20,Sat-Sun,GB,CHI,1.5,46.5,22.5,7300,13,15.0,19.1,17.9,15.5,2.12,,,Josh Jacobs
Chase,Brown,RB,,16,2025-12-21,Sat-Sun,CIN,MIA,-3.5,47.5,25.5,6900,19,17.9,17.0,14.8,15.4,2.24,,,Chase Brown
Gardner,Minshew II,QB,,16,2025-12-21,Sat-Sun,KC,TEN,-3.5,37.5,20.5,4500,25,6.2,6.8,-0.2,15.4,3.43,,,Gardner Minshew II
Kirk,Cousins,QB,,16,2025-12-21,Sat-Sun,ATL,ARI,-2.5,48.5,25.5,4800,14,13.1,10.2,10.5,15.3,3.18,,,Kirk Cousins
Zay,Flowers,WR,,16,2025-12-21,Sat-Sun,BAL,NE,-2.5,48.5,25.5,6000,15,12.8,12.4,13.4,15.0,2.5,,,Zay Flowers
Bryce,Young,QB,,16,2025-12-21,Sat-Sun,CAR,TB,2.5,45.5,21.5,5100,31,17.3,14.5,14.9,15.0,2.95,,,Bryce Young
George,Pickens,WR,,16,2025-12-21,Sat-Sun,DAL,LAC,-2.5,49.5,26.0,7300,1,19.4,18.6,18.9,14.8,2.03,,,George Pickens
Travis,Etienne Jr.,RB,,16,2025-12-21,Sat-Sun,JAX,DEN,3.5,46.5,21.5,7000,2,19.5,15.5,16.2,14.6,2.09,,,Travis Etienne Jr.
Justin,Jefferson,WR,,16,2025-12-21,Sat-Sun,MIN,NYG,-2.5,43.5,23.0,6000,29,5.9,10.4,12.0,14.4,2.41,,,Justin Jefferson
Quinn,Ewers,QB,,16,2025-12-21,Sat-Sun,MIA,CIN,3.5,47.5,22.0,4000,30,2.1,2.1,2.1,14.3,3.58,,,Quinn Ewers
Wan'Dale,Robinson,WR,,16,2025-12-21,Sat-Sun,NYG,MIN,2.5,43.5,20.5,6200,2,16.0,14.6,14.0,14.3,2.31,,,Wan'Dale Robinson
Michael,Wilson,WR,,16,2025-12-21,Sat-Sun,ARI,ATL,2.5,48.5,23.0,6900,23,24.9,16.0,12.5,14.2,2.06,,,Michael Wilson
Tetairoa,McMillan,WR,Q,16,2025-12-21,Sat-Sun,CAR,TB,2.5,45.5,21.5,5800,17,14.9,13.7,13.3,14.2,2.45,,,Tetairoa McMillan
Bucky,Irving,RB,,16,2025-12-21,Sat-Sun,TB,CAR,-2.5,45.5,24.0,6700,24,16.7,17.5,16.6,14.1,2.1,,,Bucky Irving
Rashee,Rice,WR,Q,16,2025-12-21,Sat-Sun,KC,TEN,-3.5,37.5,20.5,7400,27,17.2,18.5,19.1,14.1,1.91,,,Rashee Rice
Rico,Dowdle,RB,,16,2025-12-21,Sat-Sun,CAR,TB,2.5,45.5,21.5,6300,25,12.8,18.3,14.6,14.0,2.22,,,Rico Dowdle
TreVeyon,Henderson,RB,,16,2025-12-21,Sat-Sun,NE,BAL,2.5,48.5,23.0,6500,20,23.8,14.8,13.3,13.7,2.1,,,TreVeyon Henderson
DK,Metcalf,WR,,16,2025-12-21,Sat-Sun,PIT,DET,7.5,51.5,22.0,5400,31,14.0,12.3,13.2,13.5,2.51,,,DK Metcalf
Breece,Hall,RB,,16,2025-12-21,Sat-Sun,NYJ,NO,6.5,40.5,17.0,5900,18,9.8,13.9,13.5,13.5,2.28,,,Breece Hall
Woody,Marks,RB,Q,16,2025-12-21,Sat-Sun,HOU,LV,-14.5,37.5,26.0,6600,23,9.6,9.7,9.7,13.4,2.03,,,Woody Marks
Quinshon,Judkins,RB,,16,2025-12-21,Sat-Sun,CLE,BUF,10.5,41.5,15.5,6000,29,10.5,11.5,12.5,13.3,2.22,,,Quinshon Judkins
Courtland,Sutton,WR,,16,2025-12-21,Sat-Sun,DEN,JAX,-3.5,46.5,25.0,5700,20,14.4,13.0,14.0,13.2,2.31,,,Courtland Sutton
Brady,Cook,QB,,16,2025-12-21,Sat-Sun,NYJ,NO,6.5,40.5,17.0,4200,9,8.2,8.2,8.2,13.2,3.13,,,Brady Cook
Kyle,Pitts Sr.,TE,Q,16,2025-12-21,Sat-Sun,ATL,ARI,-2.5,48.5,25.5,5000,24,17.3,13.3,12.8,12.9,2.58,,,Kyle Pitts Sr.
Jakobi,Meyers,WR,,16,2025-12-21,Sat-Sun,JAX,DEN,3.5,46.5,21.5,5500,8,14.9,11.0,11.5,12.8,2.33,,,Jakobi Meyers
Ashton,Jeanty,RB,,16,2025-12-21,Sat-Sun,LV,HOU,14.5,37.5,11.5,5600,7,12.1,13.2,14.0,12.8,2.29,,,Ashton Jeanty
Cam,Ward,QB,,16,2025-12-21,Sat-Sun,TEN,KC,3.5,37.5,17.0,4400,12,14.3,12.3,11.1,12.8,2.91,,,Cam Ward
D'Andre,Swift,RB,Q,16,2025-12-20,Sat-Sun,CHI,GB,-1.5,46.5,24.0,5900,9,13.9,16.8,15.6,12.7,2.16,,,D'Andre Swift
Brock,Bowers,TE,,16,2025-12-21,Sat-Sun,LV,HOU,14.5,37.5,11.5,5600,9,14.3,15.0,15.3,12.7,2.28,,,Brock Bowers
Aaron,Jones Sr.,RB,,16,2025-12-21,Sat-Sun,MIN,NYG,-2.5,43.5,23.0,5200,31,8.5,9.3,9.3,12.7,2.45,,,Aaron Jones Sr.
Kenneth,Gainwell,RB,,16,2025-12-21,Sat-Sun,PIT,DET,7.5,51.5,22.0,5100,1,18.0,11.7,12.2,12.6,2.47,,,Kenneth Gainwell
Jaylen,Warren,RB,,16,2025-12-21,Sat-Sun,PIT,DET,7.5,51.5,22.0,6100,1,11.4,12.5,13.1,12.6,2.06,,,Jaylen Warren
Harold,Fannin Jr.,TE,,16,2025-12-21,Sat-Sun,CLE,BUF,10.5,41.5,15.5,4500,1,13.1,12.7,11.4,12.5,2.78,,,Harold Fannin Jr.
Jaylen,Waddle,WR,,16,2025-12-21,Sat-Sun,MIA,CIN,3.5,47.5,22.0,6800,4,11.5,13.7,13.2,12.5,1.83,,,Jaylen Waddle
Mike,Evans,WR,Q,16,2025-12-21,Sat-Sun,TB,CAR,-2.5,45.5,24.0,6300,13,11.2,17.8,11.2,12.4,1.97,,,Mike Evans
Tyrone,Tracy Jr.,RB,,16,2025-12-21,Sat-Sun,NYG,MIN,2.5,43.5,20.5,5700,15,14.2,10.2,9.7,12.3,2.17,,,Tyrone Tracy Jr.
Shedeur,Sanders,QB,,16,2025-12-21,Sat-Sun,CLE,BUF,10.5,41.5,15.5,4600,5,13.7,13.7,13.7,12.2,2.66,,,Shedeur Sanders
Michael,Carter,RB,,16,2025-12-21,Sat-Sun,ARI,ATL,2.5,48.5,23.0,5400,17,9.3,7.9,7.9,12.1,2.25,,,Michael Carter
Tee,Higgins,WR,Q,16,2025-12-21,Sat-Sun,CIN,MIA,-3.5,47.5,25.5,6600,7,19.6,15.1,14.3,12.0,1.82,,,Tee Higgins
Ladd,McConkey,WR,,16,2025-12-21,Sat-Sun,LAC,DAL,2.5,49.5,23.5,6100,32,9.6,13.5,12.0,11.9,1.95,,,Ladd McConkey
Christian,Watson,WR,Q,16,2025-12-20,Sat-Sun,GB,CHI,1.5,46.5,22.5,5200,21,15.9,10.9,13.3,11.6,2.23,,,Christian Watson
Tony,Pollard,RB,,16,2025-12-21,Sat-Sun,TEN,KC,3.5,37.5,17.0,5400,5,14.5,12.1,11.7,11.4,2.12,,,Tony Pollard
Stefon,Diggs,WR,,16,2025-12-21,Sat-Sun,NE,BAL,2.5,48.5,23.0,5600,22,10.7,12.4,11.9,11.3,2.01,,,Stefon Diggs
Geno,Smith,QB,,16,2025-12-21,Sat-Sun,LV,HOU,14.5,37.5,11.5,4300,1,11.3,11.7,13.1,11.3,2.63,,,Geno Smith
DJ,Moore,WR,,16,2025-12-20,Sat-Sun,CHI,GB,-1.5,46.5,24.0,5300,18,10.9,10.6,10.4,11.2,2.12,,,DJ Moore
Dalton,Schultz,TE,,16,2025-12-21,Sat-Sun,HOU,LV,-14.5,37.5,26.0,4200,4,10.4,11.8,10.5,11.2,2.66,,,Dalton Schultz
Travis,Kelce,TE,,16,2025-12-21,Sat-Sun,KC,TEN,-3.5,37.5,20.5,4700,20,12.8,14.0,12.8,11.2,2.38,,,Travis Kelce
Colston,Loveland,TE,,16,2025-12-20,Sat-Sun,CHI,GB,-1.5,46.5,24.0,3900,11,10.1,10.8,8.9,10.9,2.81,,,Colston Loveland
Jayden,Reed,WR,,16,2025-12-20,Sat-Sun,GB,CHI,1.5,46.5,22.5,5000,21,9.6,9.2,11.1,10.8,2.16,,,Jayden Reed
Omarion,Hampton,RB,,16,2025-12-21,Sat-Sun,LAC,DAL,2.5,49.5,23.5,5800,26,18.1,14.6,14.6,10.8,1.87,,,Omarion Hampton
Brian,Thomas Jr.,WR,,16,2025-12-21,Sat-Sun,JAX,DEN,3.5,46.5,21.5,5400,8,9.6,11.0,10.8,10.7,1.99,,,Brian Thomas Jr.
Keenan,Allen,WR,,16,2025-12-21,Sat-Sun,LAC,DAL,2.5,49.5,23.5,4800,32,6.8,9.8,11.6,10.3,2.14,,,Keenan Allen
Texans,,DST,,16,2025-12-21,Sat-Sun,HOU,LV,-14.5,37.5,26.0,4000,32,9.0,10.1,9.5,10.2,2.56,,,
Hunter,Henry,TE,,16,2025-12-21,Sat-Sun,NE,BAL,2.5,48.5,23.0,4300,6,10.4,8.8,10.1,10.1,2.34,,,Hunter Henry
Marvin,Harrison Jr.,WR,Q,16,2025-12-21,Sat-Sun,ARI,ATL,2.5,48.5,23.0,5600,23,12.6,12.5,12.5,10.0,1.79,,,Marvin Harrison Jr.
Khalil,Shakir,WR,,16,2025-12-21,Sat-Sun,BUF,CLE,-10.5,41.5,26.0,5100,6,8.9,10.7,11.0,10.0,1.97,,,Khalil Shakir
Jake,Ferguson,TE,,16,2025-12-21,Sat-Sun,DAL,LAC,-2.5,49.5,26.0,4400,7,9.3,11.4,12.6,9.9,2.24,,,Jake Ferguson
Jordan,Addison,WR,,16,2025-12-21,Sat-Sun,MIN,NYG,-2.5,43.5,23.0,5000,29,7.5,10.4,11.1,9.9,1.98,,,Jordan Addison
Mark,Andrews,TE,,16,2025-12-21,Sat-Sun,BAL,NE,-2.5,48.5,25.5,4000,29,6.4,7.6,8.3,9.7,2.42,,,Mark Andrews
Chris,Godwin Jr.,WR,,16,2025-12-21,Sat-Sun,TB,CAR,-2.5,45.5,24.0,5300,13,8.8,12.6,8.2,9.7,1.84,,,Chris Godwin Jr.
Olamide,Zaccheaus,WR,,16,2025-12-20,Sat-Sun,CHI,GB,-1.5,46.5,24.0,3500,18,3.1,6.1,6.1,9.5,2.73,,,Olamide Zaccheaus
Brenton,Strange,TE,,16,2025-12-21,Sat-Sun,JAX,DEN,3.5,46.5,21.5,3900,21,8.1,8.8,8.6,9.5,2.44,,,Brenton Strange
Juwan,Johnson,TE,,16,2025-12-21,Sat-Sun,NO,NYJ,-6.5,40.5,23.5,4000,17,10.7,9.5,10.2,9.5,2.37,,,Juwan Johnson
Chuba,Hubbard,RB,,16,2025-12-21,Sat-Sun,CAR,TB,2.5,45.5,21.5,4800,25,8.0,7.8,9.5,9.4,1.96,,,Chuba Hubbard
Emeka,Egbuka,WR,,16,2025-12-21,Sat-Sun,TB,CAR,-2.5,45.5,24.0,5900,13,7.5,11.9,13.8,9.4,1.6,,,Emeka Egbuka
Oronde,Gadsden II,TE,,16,2025-12-21,Sat-Sun,LAC,DAL,2.5,49.5,23.5,4100,14,5.2,10.4,9.8,9.4,2.29,,,Oronde Gadsden II
Adonai,Mitchell,WR,,16,2025-12-21,Sat-Sun,NYJ,NO,6.5,40.5,17.0,4500,9,11.2,7.1,6.1,9.4,2.08,,,Adonai Mitchell
Kyle,Monangai,RB,,16,2025-12-20,Sat-Sun,CHI,GB,-1.5,46.5,24.0,4900,9,11.1,11.5,9.1,9.2,1.87,,,Kyle Monangai
Mack,Hollins,WR,,16,2025-12-21,Sat-Sun,NE,BAL,2.5,48.5,23.0,3800,22,9.7,8.7,7.9,9.1,2.4,,,Mack Hollins
David,Montgomery,RB,,16,2025-12-21,Sat-Sun,DET,PIT,-7.5,51.5,29.5,5000,12,9.5,10.2,11.2,8.9,1.78,,,David Montgomery
Xavier,Worthy,WR,,16,2025-12-21,Sat-Sun,KC,TEN,-3.5,37.5,20.5,4400,27,8.2,8.7,8.6,8.9,2.03,,,Xavier Worthy
Jalen,Coker,WR,,16,2025-12-21,Sat-Sun,CAR,TB,2.5,45.5,21.5,4400,17,11.0,8.3,7.9,8.8,1.99,,,Jalen Coker
Chimere,Dike,WR,,16,2025-12-21,Sat-Sun,TEN,KC,3.5,37.5,17.0,4200,14,8.8,9.1,7.0,8.8,2.08,,,Chimere Dike
Rhamondre,Stevenson,RB,,16,2025-12-21,Sat-Sun,NE,BAL,2.5,48.5,23.0,5000,20,9.3,9.7,9.2,8.7,1.74,,,Rhamondre Stevenson
Jerry,Jeudy,WR,,16,2025-12-21,Sat-Sun,CLE,BUF,10.5,41.5,15.5,4300,12,7.1,7.2,7.4,8.7,2.03,,,Jerry Jeudy
Theo,Johnson,TE,,16,2025-12-21,Sat-Sun,NYG,MIN,2.5,43.5,20.5,3700,13,9.6,10.6,9.1,8.7,2.35,,,Theo Johnson
Quentin,Johnston,WR,Q,16,2025-12-21,Sat-Sun,LAC,DAL,2.5,49.5,23.5,4900,32,7.7,11.2,12.5,8.6,1.75,,,Quentin Johnston
John,Metchie III,WR,,16,2025-12-21,Sat-Sun,NYJ,NO,6.5,40.5,17.0,4000,9,10.4,6.4,6.5,8.6,2.15,,,John Metchie III
Tyjae,Spears,RB,,16,2025-12-21,Sat-Sun,TEN,KC,3.5,37.5,17.0,4900,5,7.1,7.9,7.9,8.6,1.75,,,Tyjae Spears
Kayshon,Boutte,WR,,16,2025-12-21,Sat-Sun,NE,BAL,2.5,48.5,23.0,4600,22,7.5,9.2,10.0,8.4,1.82,,,Kayshon Boutte
Dalton,Kincaid,TE,Q,16,2025-12-21,Sat-Sun,BUF,CLE,-10.5,41.5,26.0,4300,12,10.9,12.4,12.4,8.4,1.96,,,Dalton Kincaid
Kareem,Hunt,RB,,16,2025-12-21,Sat-Sun,KC,TEN,-3.5,37.5,20.5,5300,21,11.6,11.3,9.9,8.4,1.59,,,Kareem Hunt
Isiah,Pacheco,RB,,16,2025-12-21,Sat-Sun,KC,TEN,-3.5,37.5,20.5,4800,21,5.7,6.6,6.4,8.2,1.72,,,Isiah Pacheco
Bills,,DST,,16,2025-12-21,Sat-Sun,BUF,CLE,-10.5,41.5,26.0,3500,31,7.8,7.4,6.6,8.1,2.32,,,
Darren,Waller,TE,Q,16,2025-12-21,Sat-Sun,MIA,CIN,3.5,47.5,22.0,3500,32,12.6,11.4,13.5,8.1,2.33,,,Darren Waller
T.J.,Hockenson,TE,,16,2025-12-21,Sat-Sun,MIN,NYG,-2.5,43.5,23.0,3000,8,8.9,8.1,8.0,8.1,2.71,,,T.J. Hockenson
Kimani,Vidal,RB,,16,2025-12-21,Sat-Sun,LAC,DAL,2.5,49.5,23.5,5300,26,12.4,12.4,12.4,8.0,1.51,,,Kimani Vidal
Jordan,Mason,RB,,16,2025-12-21,Sat-Sun,MIN,NYG,-2.5,43.5,23.0,5200,31,6.9,7.0,8.7,8.0,1.54,,,Jordan Mason
Troy,Franklin,WR,,16,2025-12-21,Sat-Sun,DEN,JAX,-3.5,46.5,25.0,5200,20,11.3,11.7,11.6,7.8,1.49,,,Troy Franklin
Darius,Slayton,WR,,16,2025-12-21,Sat-Sun,NYG,MIN,2.5,43.5,20.5,4200,2,10.2,8.3,7.6,7.8,1.85,,,Darius Slayton
Jayden,Higgins,WR,,16,2025-12-21,Sat-Sun,HOU,LV,-14.5,37.5,26.0,4100,26,8.5,8.0,7.1,7.7,1.87,,,Jayden Higgins
Saints,,DST,,16,2025-12-21,Sat-Sun,NO,NYJ,-6.5,40.5,23.5,3400,26,7.2,6.5,5.7,7.6,2.23,,,
Chiefs,,DST,,16,2025-12-21,Sat-Sun,KC,TEN,-3.5,37.5,20.5,3300,28,3.0,4.9,5.4,7.6,2.32,,,
Tyler,Allgeier,RB,,16,2025-12-21,Sat-Sun,ATL,ARI,-2.5,48.5,25.5,4700,28,7.9,8.0,7.8,7.5,1.59,,,Tyler Allgeier
Romeo,Doubs,WR,,16,2025-12-20,Sat-Sun,GB,CHI,1.5,46.5,22.5,4700,21,6.2,8.2,9.8,7.4,1.58,,,Romeo Doubs
Darnell,Mooney,WR,,16,2025-12-21,Sat-Sun,ATL,ARI,-2.5,48.5,25.5,4000,16,7.1,5.5,5.6,7.3,1.82,,,Darnell Mooney
Isaiah,Likely,TE,,16,2025-12-21,Sat-Sun,BAL,NE,-2.5,48.5,25.5,3500,29,7.0,6.9,5.8,7.3,2.1,,,Isaiah Likely
Parker,Washington,WR,,16,2025-12-21,Sat-Sun,JAX,DEN,3.5,46.5,21.5,4600,8,10.4,10.0,10.0,7.3,1.58,,,Parker Washington
Samaje,Perine,RB,,16,2025-12-21,Sat-Sun,CIN,MIA,-3.5,47.5,25.5,4400,19,6.8,4.9,4.7,7.3,1.66,,,Samaje Perine
Ryan,Flournoy,WR,,16,2025-12-21,Sat-Sun,DAL,LAC,-2.5,49.5,26.0,3800,1,10.2,9.4,9.0,7.2,1.9,,,Ryan Flournoy
Devin,Singletary,RB,,16,2025-12-21,Sat-Sun,NYG,MIN,2.5,43.5,20.5,4700,15,10.9,7.0,5.4,7.2,1.54,,,Devin Singletary
Titans,,DST,,16,2025-12-21,Sat-Sun,TEN,KC,3.5,37.5,17.0,2500,11,4.2,5.8,5.0,7.2,2.87,,,
Vikings,,DST,,16,2025-12-21,Sat-Sun,MIN,NYG,-2.5,43.5,23.0,2800,21,6.6,4.9,6.6,7.1,2.54,,,
Falcons,,DST,,16,2025-12-21,Sat-Sun,ATL,ARI,-2.5,48.5,25.5,2700,25,5.6,6.1,6.4,7.0,2.59,,,
Broncos,,DST,,16,2025-12-21,Sat-Sun,DEN,JAX,-3.5,46.5,25.0,3200,14,8.8,8.0,8.1,7.0,2.18,,,
Cade,Otton,TE,Q,16,2025-12-21,Sat-Sun,TB,CAR,-2.5,45.5,24.0,3400,18,7.2,8.4,7.4,6.9,2.04,,,Cade Otton
Tre,Tucker,WR,,16,2025-12-21,Sat-Sun,LV,HOU,14.5,37.5,11.5,3900,3,6.0,7.4,10.0,6.9,1.77,,,Tre Tucker
Malik,Washington,WR,,16,2025-12-21,Sat-Sun,MIA,CIN,3.5,47.5,22.0,3800,4,5.9,7.0,6.7,6.9,1.81,,,Malik Washington
Rashod,Bateman,WR,,16,2025-12-21,Sat-Sun,BAL,NE,-2.5,48.5,25.5,3400,15,4.9,5.1,4.9,6.8,2.01,,,Rashod Bateman
Buccaneers,,DST,,16,2025-12-21,Sat-Sun,TB,CAR,-2.5,45.5,24.0,3000,22,3.2,6.3,6.1,6.8,2.27,,,
Mike,Gesicki,TE,,16,2025-12-21,Sat-Sun,CIN,MIA,-3.5,47.5,25.5,3600,30,7.5,6.3,5.4,6.8,1.9,,,Mike Gesicki
Giants,,DST,,16,2025-12-21,Sat-Sun,NYG,MIN,2.5,43.5,20.5,2600,30,2.6,2.6,2.8,6.8,2.62,,,
Elic,Ayomanor,WR,,16,2025-12-21,Sat-Sun,TEN,KC,3.5,37.5,17.0,3300,14,4.7,5.3,6.6,6.8,2.05,,,Elic Ayomanor
Audric,Estime,RB,,16,2025-12-21,Sat-Sun,NO,NYJ,-6.5,40.5,23.5,5000,30,6.8,5.0,4.6,6.7,1.34,,,Audric Estime
Xavier,Legette,WR,,16,2025-12-21,Sat-Sun,CAR,TB,2.5,45.5,21.5,3600,17,6.1,7.6,6.7,6.6,1.85,,,Xavier Legette
Evan,Engram,TE,,16,2025-12-21,Sat-Sun,DEN,JAX,-3.5,46.5,25.0,2900,25,5.9,6.9,6.4,6.6,2.28,,,Evan Engram
Gunnar,Helm,TE,Q,16,2025-12-21,Sat-Sun,TEN,KC,3.5,37.5,17.0,2900,5,8.6,7.4,6.3,6.5,2.23,,,Gunnar Helm
Darnell,Washington,TE,,16,2025-12-21,Sat-Sun,PIT,DET,7.5,51.5,22.0,2600,15,5.8,6.3,5.9,6.4,2.46,,,Darnell Washington
Chig,Okonkwo,TE,,16,2025-12-21,Sat-Sun,TEN,KC,3.5,37.5,17.0,3200,5,6.8,6.6,6.5,6.4,2.01,,,Chig Okonkwo
Ravens,,DST,,16,2025-12-21,Sat-Sun,BAL,NE,-2.5,48.5,25.5,2900,16,9.0,7.5,5.7,6.3,2.16,,,
Mason,Tipton,WR,Q,16,2025-12-21,Sat-Sun,NO,NYJ,-6.5,40.5,23.5,3200,11,2.5,2.6,2.5,6.2,1.94,,,Mason Tipton
Packers,,DST,,16,2025-12-20,Sat-Sun,GB,CHI,1.5,46.5,22.5,2800,7,6.4,5.7,5.5,6.1,2.19,,,
Lions,,DST,,16,2025-12-21,Sat-Sun,DET,PIT,-7.5,51.5,29.5,3100,15,2.8,4.7,5.9,6.1,1.98,,,
Cole,Kmet,TE,Q,16,2025-12-20,Sat-Sun,CHI,GB,-1.5,46.5,24.0,2900,11,6.9,4.9,5.1,6.0,2.07,,,Cole Kmet
Cowboys,,DST,,16,2025-12-21,Sat-Sun,DAL,LAC,-2.5,49.5,26.0,2900,24,3.2,5.1,3.9,5.9,2.03,,,
Pat,Freiermuth,TE,,16,2025-12-21,Sat-Sun,PIT,DET,7.5,51.5,22.0,2800,15,6.1,8.1,7.8,5.9,2.09,,,Pat Freiermuth
Jets,,DST,,16,2025-12-21,Sat-Sun,NYJ,NO,6.5,40.5,17.0,2100,27,2.0,3.8,3.6,5.8,2.74,,,
Bengals,,DST,,16,2025-12-21,Sat-Sun,CIN,MIA,-3.5,47.5,25.5,2500,23,6.8,4.4,4.0,5.7,2.28,,,
Van,Jefferson,WR,Q,16,2025-12-21,Sat-Sun,TEN,KC,3.5,37.5,17.0,3100,14,5.5,5.3,4.8,5.7,1.84,,,Van Jefferson
Cardinals,,DST,,16,2025-12-21,Sat-Sun,ARI,ATL,2.5,48.5,23.0,2600,19,2.8,4.1,5.0,5.6,2.14,,,
Panthers,,DST,,16,2025-12-21,Sat-Sun,CAR,TB,2.5,45.5,21.5,2800,17,6.6,6.0,6.0,5.6,1.99,,,
Chargers,,DST,,16,2025-12-21,Sat-Sun,LAC,DAL,2.5,49.5,23.5,2400,4,9.2,7.0,6.7,5.6,2.35,,,
Raiders,,DST,,16,2025-12-21,Sat-Sun,LV,HOU,14.5,37.5,11.5,2000,13,2.8,3.8,3.9,5.6,2.82,,,
Andrei,Iosivas,WR,,16,2025-12-21,Sat-Sun,CIN,MIA,-3.5,47.5,25.5,3900,7,5.8,7.0,6.3,5.6,1.45,,,Andrei Iosivas
Jeremy,Ruckert,TE,,16,2025-12-21,Sat-Sun,NYJ,NO,6.5,40.5,17.0,2600,10,3.5,3.9,3.9,5.6,2.16,,,Jeremy Ruckert
Luke,Musgrave,TE,,16,2025-12-20,Sat-Sun,GB,CHI,1.5,46.5,22.5,2700,19,3.9,3.6,3.5,5.5,2.05,,,Luke Musgrave
Joshua,Palmer,WR,,16,2025-12-21,Sat-Sun,BUF,CLE,-10.5,41.5,26.0,3400,6,4.8,5.6,5.3,5.5,1.61,,,Joshua Palmer
Jaguars,,DST,,16,2025-12-21,Sat-Sun,JAX,DEN,3.5,46.5,21.5,2900,6,10.6,7.2,8.4,5.5,1.91,,,
Dolphins,,DST,,16,2025-12-21,Sat-Sun,MIA,CIN,3.5,47.5,22.0,2700,29,10.2,7.0,6.2,5.5,2.05,,,
Rachaad,White,RB,,16,2025-12-21,Sat-Sun,TB,CAR,-2.5,45.5,24.0,4700,24,5.9,9.7,8.9,5.4,1.15,,,Rachaad White
Bears,,DST,,16,2025-12-20,Sat-Sun,CHI,GB,-1.5,46.5,24.0,2500,5,7.2,7.1,7.1,5.4,2.17,,,
Isaiah,Williams,WR,,16,2025-12-21,Sat-Sun,NYJ,NO,6.5,40.5,17.0,3000,9,6.1,3.8,5.5,5.4,1.79,,,Isaiah Williams
Isaiah,Hodgins,WR,,16,2025-12-21,Sat-Sun,NYG,MIN,2.5,43.5,20.5,3200,2,5.5,3.8,6.4,5.4,1.68,,,Isaiah Hodgins
Dawson,Knox,TE,,16,2025-12-21,Sat-Sun,BUF,CLE,-10.5,41.5,26.0,3300,12,10.0,7.5,6.4,5.3,1.61,,,Dawson Knox
Isaiah,Davis,RB,,16,2025-12-21,Sat-Sun,NYJ,NO,6.5,40.5,17.0,4400,18,3.5,5.0,4.5,5.3,1.22,,,Isaiah Davis
Ty,Johnson,RB,,16,2025-12-21,Sat-Sun,BUF,CLE,-10.5,41.5,26.0,4200,14,8.1,5.9,4.7,5.2,1.25,,,Ty Johnson
Marvin,Mims Jr.,WR,,16,2025-12-21,Sat-Sun,DEN,JAX,-3.5,46.5,25.0,3400,20,4.2,6.8,6.8,5.2,1.52,,,Marvin Mims Jr.
Jack,Bech,WR,,16,2025-12-21,Sat-Sun,LV,HOU,14.5,37.5,11.5,3200,3,4.4,3.6,3.6,5.2,1.63,,,Jack Bech
Keon,Coleman,WR,,16,2025-12-21,Sat-Sun,BUF,CLE,-10.5,41.5,26.0,3600,6,7.2,6.9,8.9,5.1,1.4,,,Keon Coleman
Tre',Harris,WR,Q,16,2025-12-21,Sat-Sun,LAC,DAL,2.5,49.5,23.5,3300,32,4.3,4.5,4.1,5.1,1.54,,,Tre' Harris
Keaton,Mitchell,RB,,16,2025-12-21,Sat-Sun,BAL,NE,-2.5,48.5,25.5,4100,6,7.1,4.8,5.3,5.0,1.22,,,Keaton Mitchell
Jalen,Nailor,WR,Q,16,2025-12-21,Sat-Sun,MIN,NYG,-2.5,43.5,23.0,3500,29,5.6,7.0,6.8,5.0,1.44,,,Jalen Nailor
Emari,Demercado,RB,,16,2025-12-21,Sat-Sun,ARI,ATL,2.5,48.5,23.0,4600,17,5.7,5.4,5.7,4.9,1.07,,,Emari Demercado
Patriots,,DST,,16,2025-12-21,Sat-Sun,NE,BAL,2.5,48.5,23.0,2600,18,5.2,7.0,7.4,4.9,1.9,,,
Ja'Tavion,Sanders,TE,,16,2025-12-21,Sat-Sun,CAR,TB,2.5,45.5,21.5,2500,27,4.0,4.5,4.5,4.9,1.94,,,Ja'Tavion Sanders
Isaac,TeSlaa,WR,,16,2025-12-21,Sat-Sun,DET,PIT,-7.5,51.5,29.5,3000,25,4.3,3.6,4.0,4.9,1.64,,,Isaac TeSlaa
Hollywood,Brown,WR,,16,2025-12-21,Sat-Sun,KC,TEN,-3.5,37.5,20.5,3900,27,6.8,8.5,9.3,4.9,1.26,,,Hollywood Brown
Evan,Hull,RB,,16,2025-12-21,Sat-Sun,NO,NYJ,-6.5,40.5,23.5,4500,30,1.3,1.3,1.6,4.8,1.06,,,Evan Hull
Christian,Kirk,WR,,16,2025-12-21,Sat-Sun,HOU,LV,-14.5,37.5,26.0,3200,26,5.5,6.0,6.1,4.7,1.46,,,Christian Kirk
Taysom,Hill,TE,,16,2025-12-21,Sat-Sun,NO,NYJ,-6.5,40.5,23.5,2500,17,1.1,2.0,2.0,4.7,1.89,,,Taysom Hill
Browns,,DST,,16,2025-12-21,Sat-Sun,CLE,BUF,10.5,41.5,15.5,2200,8,7.6,8.4,7.2,4.5,2.03,,,
Steelers,,DST,,16,2025-12-21,Sat-Sun,PIT,DET,7.5,51.5,22.0,2300,1,9.4,7.7,7.9,4.5,1.93,,,
Calvin,Austin III,WR,,16,2025-12-21,Sat-Sun,PIT,DET,7.5,51.5,22.0,3700,31,2.6,5.0,5.8,4.5,1.21,,,Calvin Austin III
Tyler,Lockett,WR,Q,16,2025-12-21,Sat-Sun,LV,HOU,14.5,37.5,11.5,3400,3,5.7,5.1,4.4,4.5,1.32,,,Tyler Lockett
Greg,Dulcich,TE,,16,2025-12-21,Sat-Sun,MIA,CIN,3.5,47.5,22.0,2500,32,5.0,3.5,5.8,4.4,1.75,,,Greg Dulcich
Jalen,McMillan,WR,,16,2025-12-21,Sat-Sun,TB,CAR,-2.5,45.5,24.0,3800,13,14.1,12.7,5.8,4.3,1.14,,,Jalen McMillan
LeQuint,Allen Jr.,RB,,16,2025-12-21,Sat-Sun,JAX,DEN,3.5,46.5,21.5,4000,2,2.2,2.0,2.0,4.3,1.07,,,LeQuint Allen Jr.
JuJu,Smith-Schuster,WR,,16,2025-12-21,Sat-Sun,KC,TEN,-3.5,37.5,20.5,3000,27,0.9,4.2,4.9,4.3,1.45,,,JuJu Smith-Schuster
David,Sills V,WR,,16,2025-12-21,Sat-Sun,ATL,ARI,-2.5,48.5,25.5,3700,16,7.0,4.0,4.5,4.2,1.13,,,David Sills V
DeMario,Douglas,WR,,16,2025-12-21,Sat-Sun,NE,BAL,2.5,48.5,23.0,3300,22,4.9,7.8,7.0,4.2,1.26,,,DeMario Douglas
Dontayvion,Wicks,WR,Q,16,2025-12-20,Sat-Sun,GB,CHI,1.5,46.5,22.5,3700,21,8.9,6.6,6.5,4.1,1.1,,,Dontayvion Wicks
Nick,Chubb,RB,Q,16,2025-12-21,Sat-Sun,HOU,LV,-14.5,37.5,26.0,5100,23,4.0,5.5,6.4,4.1,0.8,,,Nick Chubb
DeAndre,Hopkins,WR,,16,2025-12-21,Sat-Sun,BAL,NE,-2.5,48.5,25.5,3000,15,2.8,3.1,4.2,4.0,1.33,,,DeAndre Hopkins
Matthew,Golden,WR,,16,2025-12-20,Sat-Sun,GB,CHI,1.5,46.5,22.5,4000,21,3.6,6.2,6.0,4.0,1.0,,,Matthew Golden
Dylan,Sampson,RB,Q,16,2025-12-21,Sat-Sun,CLE,BUF,10.5,41.5,15.5,4300,29,6.4,4.8,5.9,4.0,0.93,,,Dylan Sampson
KaVontae,Turpin,WR,,16,2025-12-21,Sat-Sun,DAL,LAC,-2.5,49.5,26.0,3500,1,4.5,4.5,5.4,4.0,1.14,,,KaVontae Turpin
Lil'Jordan,Humphrey,WR,,16,2025-12-21,Sat-Sun,DEN,JAX,-3.5,46.5,25.0,3100,20,5.7,3.3,5.7,4.0,1.29,,,Lil'Jordan Humphrey
Jonnu,Smith,TE,,16,2025-12-21,Sat-Sun,PIT,DET,7.5,51.5,22.0,2700,15,3.6,4.6,5.2,4.0,1.47,,,Jonnu Smith
John,FitzPatrick,TE,,16,2025-12-20,Sat-Sun,GB,CHI,1.5,46.5,22.5,2500,19,2.4,2.5,2.8,3.9,1.55,,,John FitzPatrick
Emanuel,Wilson,RB,,16,2025-12-20,Sat-Sun,GB,CHI,1.5,46.5,22.5,4300,13,9.2,6.6,6.2,3.9,0.91,,,Emanuel Wilson
Isaiah,Bond,WR,,16,2025-12-21,Sat-Sun,CLE,BUF,10.5,41.5,15.5,3000,12,4.6,4.3,4.0,3.9,1.29,,,Isaiah Bond
Marquez,Valdes-Scantling,WR,,16,2025-12-21,Sat-Sun,PIT,DET,7.5,51.5,22.0,3000,31,3.4,4.1,2.8,3.9,1.31,,,Marquez Valdes-Scantling
Ollie,Gordon II,RB,,16,2025-12-21,Sat-Sun,MIA,CIN,3.5,47.5,22.0,4300,32,3.8,3.8,3.7,3.9,0.91,,,Ollie Gordon II
Malik,Davis,RB,,16,2025-12-21,Sat-Sun,DAL,LAC,-2.5,49.5,26.0,4900,11,5.5,2.8,4.0,3.7,0.76,,,Malik Davis
Adam,Thielen,WR,,16,2025-12-21,Sat-Sun,PIT,DET,7.5,51.5,22.0,3200,31,1.7,1.8,1.8,3.7,1.15,,,Adam Thielen
Elijah,Higgins,TE,,16,2025-12-21,Sat-Sun,ARI,ATL,2.5,48.5,23.0,2500,2,2.4,2.9,3.1,3.6,1.46,,,Elijah Higgins
Jalen,Brooks,WR,,16,2025-12-21,Sat-Sun,ARI,ATL,2.5,48.5,23.0,3100,23,3.6,3.0,3.6,3.6,1.18,,,Jalen Brooks
Sean,Tucker,RB,,16,2025-12-21,Sat-Sun,TB,CAR,-2.5,45.5,24.0,4200,24,11.6,8.8,8.0,3.5,0.84,,,Sean Tucker
Jaleel,McLaughlin,RB,,16,2025-12-21,Sat-Sun,DEN,JAX,-3.5,46.5,25.0,4000,4,3.4,5.0,3.4,3.5,0.88,,,Jaleel McLaughlin
Jawhar,Jordan,RB,,16,2025-12-21,Sat-Sun,HOU,LV,-14.5,37.5,26.0,5000,23,16.8,16.8,16.8,3.5,0.69,,,Jawhar Jordan
Jaylin,Noel,WR,,16,2025-12-21,Sat-Sun,HOU,LV,-14.5,37.5,26.0,3000,26,3.0,4.8,4.3,3.5,1.17,,,Jaylin Noel
Tommy,Tremble,TE,,16,2025-12-21,Sat-Sun,CAR,TB,2.5,45.5,21.5,2500,27,2.5,4.2,4.0,3.3,1.3,,,Tommy Tremble
Chris,Brooks,RB,Q,16,2025-12-20,Sat-Sun,GB,CHI,1.5,46.5,22.5,4000,13,2.3,2.3,2.2,3.3,0.83,,,Chris Brooks
Tim,Patrick,WR,,16,2025-12-21,Sat-Sun,JAX,DEN,3.5,46.5,21.5,3500,8,7.0,4.8,4.8,3.3,0.93,,,Tim Patrick
Noah,Fant,TE,Q,16,2025-12-21,Sat-Sun,CIN,MIA,-3.5,47.5,25.5,2800,30,4.8,6.5,7.0,3.3,1.17,,,Noah Fant
Pat,Bryant,WR,,16,2025-12-21,Sat-Sun,DEN,JAX,-3.5,46.5,25.0,3700,20,7.4,5.9,5.9,3.2,0.86,,,Pat Bryant
Cedric,Tillman,WR,,16,2025-12-21,Sat-Sun,CLE,BUF,10.5,41.5,15.5,3300,12,3.2,5.4,5.5,3.1,0.95,,,Cedric Tillman
Shane,Zylstra,TE,,16,2025-12-21,Sat-Sun,DET,PIT,-7.5,51.5,29.5,2500,31,0.0,0.3,,3.1,1.25,,,Shane Zylstra
Xavier,Hutchinson,WR,,16,2025-12-21,Sat-Sun,HOU,LV,-14.5,37.5,26.0,3000,26,3.3,6.3,6.0,3.1,1.02,,,Xavier Hutchinson
Kevin,Austin Jr.,WR,,16,2025-12-21,Sat-Sun,NO,NYJ,-6.5,40.5,23.5,3100,11,2.9,3.3,3.2,3.1,0.98,,,Kevin Austin Jr.
Gage,Larvadain,WR,,16,2025-12-21,Sat-Sun,CLE,BUF,10.5,41.5,15.5,3000,12,1.8,1.9,1.9,3.0,0.99,,,Gage Larvadain
Tanner,Hudson,TE,,16,2025-12-21,Sat-Sun,CIN,MIA,-3.5,47.5,25.5,2500,30,4.4,4.5,5.2,3.0,1.18,,,Tanner Hudson
Adam,Trautman,TE,,16,2025-12-21,Sat-Sun,DEN,JAX,-3.5,46.5,25.0,2500,25,3.8,3.9,4.2,2.9,1.17,,,Adam Trautman
Rasheen,Ali,RB,,16,2025-12-21,Sat-Sun,BAL,NE,-2.5,48.5,25.5,4100,6,3.8,2.2,3.8,2.8,0.69,,,Rasheen Ali
Brandin,Cooks,WR,Q,16,2025-12-21,Sat-Sun,BUF,CLE,-10.5,41.5,26.0,3000,6,2.5,3.2,3.4,2.8,0.93,,,Brandin Cooks
Devin,Duvernay,WR,,16,2025-12-20,Sat-Sun,CHI,GB,-1.5,46.5,24.0,3000,18,1.5,2.2,2.3,2.7,0.9,,,Devin Duvernay
Trayveon,Williams,RB,,16,2025-12-21,Sat-Sun,CLE,BUF,10.5,41.5,15.5,4000,29,0.7,0.4,1.8,2.7,0.66,,,Trayveon Williams
Foster,Moreau,TE,,16,2025-12-21,Sat-Sun,NO,NYJ,-6.5,40.5,23.5,2500,17,1.9,5.1,1.9,2.7,1.1,,,Foster Moreau
Josh,Oliver,TE,,16,2025-12-21,Sat-Sun,MIN,NYG,-2.5,43.5,23.0,2700,8,4.6,4.6,4.9,2.6,0.96,,,Josh Oliver
Noah,Gray,TE,,16,2025-12-21,Sat-Sun,KC,TEN,-3.5,37.5,20.5,2700,20,3.0,3.0,2.9,2.6,0.95,,,Noah Gray
Tyrell,Shavers,WR,,16,2025-12-21,Sat-Sun,BUF,CLE,-10.5,41.5,26.0,3000,6,6.5,5.1,4.6,2.5,0.84,,,Tyrell Shavers
Tyler,Badie,RB,,16,2025-12-21,Sat-Sun,DEN,JAX,-3.5,46.5,25.0,4000,4,2.0,2.2,2.5,2.5,0.63,,,Tyler Badie
Michael,Mayer,TE,,16,2025-12-21,Sat-Sun,LV,HOU,14.5,37.5,11.5,2600,9,3.9,5.2,5.1,2.5,0.96,,,Michael Mayer
Austin,Hooper,TE,,16,2025-12-21,Sat-Sun,NE,BAL,2.5,48.5,23.0,2500,6,5.0,4.3,4.3,2.4,0.97,,,Austin Hooper
Cade,Stover,TE,,16,2025-12-21,Sat-Sun,HOU,LV,-14.5,37.5,26.0,2500,4,4.4,4.0,3.8,2.4,0.97,,,Cade Stover
Tyquan,Thornton,WR,Q,16,2025-12-21,Sat-Sun,KC,TEN,-3.5,37.5,20.5,3000,27,3.5,7.5,7.4,2.4,0.8,,,Tyquan Thornton
Kalif,Raymond,WR,,16,2025-12-21,Sat-Sun,DET,PIT,-7.5,51.5,29.5,3100,25,4.7,4.8,4.5,2.3,0.75,,,Kalif Raymond
Dare,Ogunbowale,RB,,16,2025-12-21,Sat-Sun,HOU,LV,-14.5,37.5,26.0,4600,23,3.7,2.9,3.2,2.3,0.51,,,Dare Ogunbowale
Jaylen,Wright,RB,,16,2025-12-21,Sat-Sun,MIA,CIN,3.5,47.5,22.0,4800,32,5.1,3.3,4.9,2.3,0.49,,,Jaylen Wright
Anthony,Firkser,TE,,16,2025-12-21,Sat-Sun,DET,PIT,-7.5,51.5,29.5,2500,31,0.6,0.5,1.6,2.2,0.89,,,Anthony Firkser
Daniel,Bellinger,TE,,16,2025-12-21,Sat-Sun,NYG,MIN,2.5,43.5,20.5,2500,13,2.3,4.5,4.5,2.2,0.89,,,Daniel Bellinger
Mitchell,Evans,TE,,16,2025-12-21,Sat-Sun,CAR,TB,2.5,45.5,21.5,2500,27,2.8,4.0,4.0,2.0,0.8,,,Mitchell Evans
Jackson,Hawes,TE,,16,2025-12-21,Sat-Sun,BUF,CLE,-10.5,41.5,26.0,2500,12,5.1,4.3,4.3,2.0,0.8,,,Jackson Hawes
Will,Dissly,TE,,16,2025-12-21,Sat-Sun,LAC,DAL,2.5,49.5,23.5,2500,14,1.9,3.6,1.9,2.0,0.8,,,Will Dissly
Dante,Pettis,WR,,16,2025-12-21,Sat-Sun,NO,NYJ,-6.5,40.5,23.5,3000,11,5.4,3.8,2.4,2.0,0.67,,,Dante Pettis
Brashard,Smith,RB,,16,2025-12-21,Sat-Sun,KC,TEN,-3.5,37.5,20.5,4000,21,2.2,4.3,3.7,2.0,0.51,,,Brashard Smith
Charlie,Kolar,TE,,16,2025-12-21,Sat-Sun,BAL,NE,-2.5,48.5,25.5,2500,29,3.8,3.3,3.7,1.9,0.76,,,Charlie Kolar
Nate,Adkins,TE,,16,2025-12-21,Sat-Sun,DEN,JAX,-3.5,46.5,25.0,2500,25,3.4,3.6,3.4,1.9,0.76,,,Nate Adkins
Corey,Kiner,RB,,16,2025-12-21,Sat-Sun,ARI,ATL,2.5,48.5,23.0,4000,17,1.1,1.1,1.1,1.8,0.44,,,Corey Kiner
Nick,Westbrook-Ikhine,WR,,16,2025-12-21,Sat-Sun,MIA,CIN,3.5,47.5,22.0,3000,4,2.7,2.9,2.2,1.8,0.6,,,Nick Westbrook-Ikhine
Devontez,Walker,WR,,16,2025-12-21,Sat-Sun,BAL,NE,-2.5,48.5,25.5,3000,15,5.0,3.4,6.3,1.7,0.58,,,Devontez Walker
Adam,Prentice,RB,,16,2025-12-21,Sat-Sun,DEN,JAX,-3.5,46.5,25.0,4000,4,2.5,1.4,1.4,1.7,0.43,,,Adam Prentice
Raheem,Mostert,RB,,16,2025-12-21,Sat-Sun,LV,HOU,14.5,37.5,11.5,4100,7,2.3,1.9,2.5,1.7,0.41,,,Raheem Mostert
James,Proche II,WR,,16,2025-12-21,Sat-Sun,TEN,KC,3.5,37.5,17.0,3000,14,1.9,1.2,2.4,1.7,0.58,,,James Proche II
Ray,Davis,RB,,16,2025-12-21,Sat-Sun,BUF,CLE,-10.5,41.5,26.0,4000,14,4.2,2.5,2.5,1.6,0.39,,,Ray Davis
Julian,Hill,TE,,16,2025-12-21,Sat-Sun,MIA,CIN,3.5,47.5,22.0,2500,32,2.8,2.5,3.1,1.6,0.64,,,Julian Hill
Tez,Johnson,WR,,16,2025-12-21,Sat-Sun,TB,CAR,-2.5,45.5,24.0,3000,13,7.1,8.5,7.1,1.5,0.49,,,Tez Johnson
Jahdae,Walker,WR,,16,2025-12-20,Sat-Sun,CHI,GB,-1.5,46.5,24.0,3000,18,,,,1.5,0.5,,,Jahdae Walker
Luke,Schoonmaker,TE,,16,2025-12-21,Sat-Sun,DAL,LAC,-2.5,49.5,26.0,2500,7,1.9,2.2,1.8,1.5,0.61,,,Luke Schoonmaker
Charlie,Woerner,TE,,16,2025-12-21,Sat-Sun,ATL,ARI,-2.5,48.5,25.5,2500,24,2.3,1.8,2.3,1.4,0.56,,,Charlie Woerner
Kaleb,Johnson,RB,,16,2025-12-21,Sat-Sun,PIT,DET,7.5,51.5,22.0,4000,1,0.6,0.9,0.9,1.4,0.34,,,Kaleb Johnson
Jelani,Woods,TE,,16,2025-12-21,Sat-Sun,NYJ,NO,6.5,40.5,17.0,2500,10,4.7,5.5,,1.4,0.57,,,Jelani Woods
Durham,Smythe,TE,,16,2025-12-20,Sat-Sun,CHI,GB,-1.5,46.5,24.0,2500,11,0.9,1.1,1.5,1.3,0.52,,,Durham Smythe
Malachi,Corley,WR,,16,2025-12-21,Sat-Sun,CLE,BUF,10.5,41.5,15.5,3000,12,1.4,1.8,2.0,1.3,0.43,,,Malachi Corley
Quintin,Morris,TE,,16,2025-12-21,Sat-Sun,JAX,DEN,3.5,46.5,21.5,2500,21,1.7,1.4,2.8,1.3,0.51,,,Quintin Morris
Ian,Thomas,TE,,16,2025-12-21,Sat-Sun,LV,HOU,14.5,37.5,11.5,2500,9,3.6,2.6,3.5,1.3,0.52,,,Ian Thomas
Drew,Sample,TE,Q,16,2025-12-21,Sat-Sun,CIN,MIA,-3.5,47.5,25.5,2500,30,1.7,2.7,2.5,1.3,0.52,,,Drew Sample
Mitch,Tinsley,WR,,16,2025-12-21,Sat-Sun,CIN,MIA,-3.5,47.5,25.5,3600,7,4.7,3.5,4.5,1.3,0.37,,,Mitch Tinsley
Stone,Smartt,TE,,16,2025-12-21,Sat-Sun,NYJ,NO,6.5,40.5,17.0,2500,10,2.2,3.0,0.0,1.3,0.54,,,Stone Smartt
Devin,Culp,TE,,16,2025-12-21,Sat-Sun,TB,CAR,-2.5,45.5,24.0,2500,18,4.3,3.6,7.6,1.2,0.5,,,Devin Culp
Hunter,Luepke,RB,Q,16,2025-12-21,Sat-Sun,DAL,LAC,-2.5,49.5,26.0,4000,11,3.1,2.9,3.3,1.2,0.29,,,Hunter Luepke
Trent,Sherfield Sr.,WR,,16,2025-12-21,Sat-Sun,ARI,ATL,2.5,48.5,23.0,3000,23,1.6,1.0,1.3,1.0,0.34,,,Trent Sherfield Sr.
Ben,Sims,TE,,16,2025-12-21,Sat-Sun,MIN,NYG,-2.5,43.5,23.0,2500,8,0.4,0.3,1.9,1.0,0.4,,,Ben Sims
Jimmy,Horn Jr.,WR,,16,2025-12-21,Sat-Sun,CAR,TB,2.5,45.5,21.5,3000,17,1.8,3.0,3.0,0.9,0.3,,,Jimmy Horn Jr.
Blake,Whiteheart,TE,,16,2025-12-21,Sat-Sun,CLE,BUF,10.5,41.5,15.5,2500,1,0.7,0.5,0.6,0.9,0.38,,,Blake Whiteheart
Arian,Smith,WR,,16,2025-12-21,Sat-Sun,NYJ,NO,6.5,40.5,17.0,3000,9,1.3,1.3,1.3,0.9,0.3,,,Arian Smith
Zavier,Scott,RB,,16,2025-12-21,Sat-Sun,MIN,NYG,-2.5,43.5,23.0,4000,31,2.6,5.0,5.0,0.9,0.22,,,Zavier Scott
Kyle,Williams,WR,,16,2025-12-21,Sat-Sun,NE,BAL,2.5,48.5,23.0,3000,22,5.5,3.1,3.1,0.8,0.26,,,Kyle Williams
Payne,Durham,TE,,16,2025-12-21,Sat-Sun,TB,CAR,-2.5,45.5,24.0,2500,18,2.3,3.1,0.7,0.8,0.33,,,Payne Durham
Brenden,Bates,TE,Q,16,2025-12-21,Sat-Sun,CLE,BUF,10.5,41.5,15.5,2500,1,0.9,0.5,4.3,0.8,0.32,,,Brenden Bates
Jack,Stoll,TE,,16,2025-12-21,Sat-Sun,NO,NYJ,-6.5,40.5,23.5,2500,17,0.7,1.5,2.2,0.8,0.31,,,Jack Stoll
Brycen,Tremayne,WR,,16,2025-12-21,Sat-Sun,CAR,TB,2.5,45.5,21.5,3000,17,3.5,3.3,4.2,0.7,0.25,,,Brycen Tremayne
Alec,Ingold,RB,,16,2025-12-21,Sat-Sun,MIA,CIN,3.5,47.5,22.0,4000,32,1.3,1.5,1.6,0.7,0.17,,,Alec Ingold
Cedrick,Wilson Jr.,WR,,16,2025-12-21,Sat-Sun,MIA,CIN,3.5,47.5,22.0,3000,4,3.1,2.8,1.8,0.7,0.24,,,Cedrick Wilson Jr.
Dee,Eskridge,WR,,16,2025-12-21,Sat-Sun,MIA,CIN,3.5,47.5,22.0,3000,4,1.8,1.3,1.8,0.7,0.23,,,Dee Eskridge
C.J.,Ham,RB,,16,2025-12-21,Sat-Sun,MIN,NYG,-2.5,43.5,23.0,4000,31,2.6,1.5,3.8,0.7,0.16,,,C.J. Ham
David,Martin-Robinson,TE,,16,2025-12-21,Sat-Sun,TEN,KC,3.5,37.5,17.0,2500,5,2.1,1.5,4.4,0.7,0.28,,,David Martin-Robinson
Josiah,Deguara,TE,,16,2025-12-21,Sat-Sun,ARI,ATL,2.5,48.5,23.0,2500,2,0.6,0.3,0.8,0.6,0.23,,,Josiah Deguara
Savion,Williams,WR,Q,16,2025-12-20,Sat-Sun,GB,CHI,1.5,46.5,22.5,3000,21,3.3,2.6,2.6,0.6,0.22,,,Savion Williams
Brevyn,Spann-Ford,TE,,16,2025-12-21,Sat-Sun,DAL,LAC,-2.5,49.5,26.0,2500,7,2.5,1.5,1.9,0.6,0.25,,,Brevyn Spann-Ford
KeAndre,Lambert-Smith,WR,,16,2025-12-21,Sat-Sun,LAC,DAL,2.5,49.5,23.5,3000,32,2.4,2.4,2.4,0.6,0.21,,,KeAndre Lambert-Smith
Andrew,Beck,RB,,16,2025-12-21,Sat-Sun,NYJ,NO,6.5,40.5,17.0,4000,18,1.7,1.6,2.6,0.6,0.14,,,Andrew Beck
Khalil,Herbert,RB,,16,2025-12-21,Sat-Sun,NYJ,NO,6.5,40.5,17.0,4000,18,3.7,2.2,0.5,0.6,0.14,,,Khalil Herbert
Kalel,Mullings,RB,,16,2025-12-21,Sat-Sun,TEN,KC,3.5,37.5,17.0,4000,5,0.3,0.3,0.3,0.6,0.16,,,Kalel Mullings
Scott,Matlock,RB,,16,2025-12-21,Sat-Sun,LAC,DAL,2.5,49.5,23.5,4000,26,2.2,1.9,3.7,0.5,0.13,,,Scott Matlock
Johnny,Mundt,TE,,16,2025-12-21,Sat-Sun,JAX,DEN,3.5,46.5,21.5,2500,21,2.8,2.2,1.9,0.5,0.18,,,Johnny Mundt
Michael,Bandy,WR,,16,2025-12-21,Sat-Sun,DEN,JAX,-3.5,46.5,25.0,3000,20,2.1,2.1,5.3,0.5,0.18,,,Michael Bandy
Connor,Heyward,TE,,16,2025-12-21,Sat-Sun,PIT,DET,7.5,51.5,22.0,2500,15,1.5,1.7,1.9,0.5,0.19,,,Connor Heyward
Dont'e,Thornton Jr.,WR,,16,2025-12-21,Sat-Sun,LV,HOU,14.5,37.5,11.5,3000,3,1.2,2.3,2.3,0.5,0.17,,,Dont'e Thornton Jr.
Pharaoh,Brown,TE,,16,2025-12-21,Sat-Sun,ARI,ATL,2.5,48.5,23.0,2500,2,1.0,1.1,2.1,0.4,0.16,,,Pharaoh Brown
Trevor,Etienne,RB,,16,2025-12-21,Sat-Sun,CAR,TB,2.5,45.5,21.5,4000,25,1.8,1.4,1.4,0.4,0.11,,,Trevor Etienne
Dylan,Laube,RB,,16,2025-12-21,Sat-Sun,LV,HOU,14.5,37.5,11.5,4000,7,1.1,0.6,1.4,0.4,0.1,,,Dylan Laube
Tahj,Brooks,RB,,16,2025-12-21,Sat-Sun,CIN,MIA,-3.5,47.5,25.5,4000,19,0.7,0.7,0.7,0.4,0.1,,,Tahj Brooks
Tyler,Conklin,TE,,16,2025-12-21,Sat-Sun,LAC,DAL,2.5,49.5,23.5,2500,14,3.1,7.1,3.1,0.3,0.13,,,Tyler Conklin
Hassan,Haskins,RB,,16,2025-12-21,Sat-Sun,LAC,DAL,2.5,49.5,23.5,4000,26,3.6,3.4,2.8,0.3,0.08,,,Hassan Haskins
Jonathan,Mingo,WR,,16,2025-12-21,Sat-Sun,DAL,LAC,-2.5,49.5,26.0,3000,1,2.0,1.3,1.8,0.3,0.11,,,Jonathan Mingo
Dyami,Brown,WR,,16,2025-12-21,Sat-Sun,JAX,DEN,3.5,46.5,21.5,3000,8,2.5,4.9,4.9,0.3,0.1,,,Dyami Brown
Tom,Kennedy,WR,,16,2025-12-21,Sat-Sun,DET,PIT,-7.5,51.5,29.5,3000,25,1.5,2.1,7.6,0.3,0.09,,,Tom Kennedy
Ben,Skowronek,WR,Q,16,2025-12-21,Sat-Sun,PIT,DET,7.5,51.5,22.0,3000,31,1.5,2.4,2.8,0.3,0.12,,,Ben Skowronek
Shedrick,Jackson,WR,,16,2025-12-21,Sat-Sun,LV,HOU,14.5,37.5,11.5,3000,3,2.4,2.4,9.5,0.3,0.11,,,Shedrick Jackson
Jalin,Hyatt,WR,,16,2025-12-21,Sat-Sun,NYG,MIN,2.5,43.5,20.5,3000,2,1.7,1.0,1.7,0.3,0.11,,,Jalin Hyatt
Tai,Felton,WR,,16,2025-12-21,Sat-Sun,MIN,NYG,-2.5,43.5,23.0,3000,29,2.0,2.0,2.0,0.3,0.11,,,Tai Felton
Patrick,Ricard,RB,,16,2025-12-21,Sat-Sun,BAL,NE,-2.5,48.5,25.5,4000,6,0.5,0.3,0.2,0.2,0.06,,,Patrick Ricard
Jonathan,Ward,RB,,16,2025-12-21,Sat-Sun,BAL,NE,-2.5,48.5,25.5,4000,6,0.4,0.3,,0.2,0.06,,,Jonathan Ward
Jack,Westover,RB,,16,2025-12-21,Sat-Sun,NE,BAL,2.5,48.5,23.0,4000,20,0.0,0.0,0.0,0.2,0.05,,,Jack Westover
Reggie,Gilliam,RB,,16,2025-12-21,Sat-Sun,BUF,CLE,-10.5,41.5,26.0,4000,14,0.3,0.2,1.2,0.2,0.04,,,Reggie Gilliam
Raheim,Sanders,RB,,16,2025-12-21,Sat-Sun,CLE,BUF,10.5,41.5,15.5,4000,29,6.3,6.3,6.3,0.2,0.06,,,Raheim Sanders
Scotty,Miller,WR,,16,2025-12-21,Sat-Sun,PIT,DET,7.5,51.5,22.0,3000,31,0.4,0.9,1.0,0.2,0.05,,,Scotty Miller
Eric,Gray,RB,,16,2025-12-21,Sat-Sun,NYG,MIN,2.5,43.5,20.5,4000,15,0.6,0.7,,0.2,0.05,,,Eric Gray
Mason,Kinsey,WR,,16,2025-12-21,Sat-Sun,TEN,KC,3.5,37.5,17.0,3000,14,1.2,0.8,2.4,0.2,0.07,,,Mason Kinsey
KhaDarel,Hodge,WR,Q,16,2025-12-21,Sat-Sun,ATL,ARI,-2.5,48.5,25.5,3000,16,2.3,1.6,2.0,0.1,0.05,,,KhaDarel Hodge
Dylan,Drummond,WR,,16,2025-12-21,Sat-Sun,ATL,ARI,-2.5,48.5,25.5,3000,16,2.8,2.8,3.7,0.1,0.04,,,Dylan Drummond
Julius,Chestnut,RB,,16,2025-12-21,Sat-Sun,TEN,KC,3.5,37.5,17.0,4000,5,0.7,0.7,0.7,0.1,0.03,,,Julius Chestnut
Josh,Williams,RB,O,16,2025-12-21,Sat-Sun,TB,CAR,-2.5,45.5,24.0,4000,24,1.1,1.1,1.1,0.0,0.0,,,Josh Williams
Jonathon,Brooks,RB,O,16,2025-12-21,Sat-Sun,CAR,TB,2.5,45.5,21.5,4000,25,2.5,2.5,,0.0,0.0,,,Jonathon Brooks
Deshaun,Watson,QB,O,16,2025-12-21,Sat-Sun,CLE,BUF,10.5,41.5,15.5,4000,5,10.5,11.6,,0.0,0.0,,,Deshaun Watson
Joe,Mixon,RB,O,16,2025-12-21,Sat-Sun,HOU,LV,-14.5,37.5,26.0,4600,23,11.3,15.7,,0.0,0.0,,,Joe Mixon
Tank,Dell,WR,O,16,2025-12-21,Sat-Sun,HOU,LV,-14.5,37.5,26.0,3000,26,10.2,11.3,,0.0,0.0,,,Tank Dell
Erick,All Jr.,TE,O,16,2025-12-21,Sat-Sun,CIN,MIA,-3.5,47.5,25.5,2500,30,3.1,4.0,,0.0,0.0,,,Erick All Jr.
A.J.,Henning,WR,O,16,2025-12-21,Sat-Sun,MIA,CIN,3.5,47.5,22.0,3000,4,,,,0.0,0.0,,,A.J. Henning
Irvin,Charles,WR,O,16,2025-12-21,Sat-Sun,NYJ,NO,6.5,40.5,17.0,3000,9,0.0,0.0,,0.0,0.0,,,Irvin Charles
Gavin,Bartholomew,TE,O,16,2025-12-21,Sat-Sun,MIN,NYG,-2.5,43.5,23.0,2500,8,,,,0.0,0.0,,,Gavin Bartholomew
