player,category,over_book,over_line,over_odds,under_book,under_line,under_odds,width,p_middle,ev_pct_per_leg,ev_over_leg,ev_under_leg
Malik Washington,receiving-yards,draftkings,27.5,-115,caesars,30.5,-114,3.0,0.051,-1.61,4.81,-8.04
Tyquan Thornton,receiving-yards,caesars,13.5,-115,draftkings,15.5,-116,2.0,0.052,-1.82,-1.62,-2.02
Tee Higgins,receiving-yards,draftkings,51.5,-111,caesars,54.5,-115,3.0,0.036,-2.32,1.5,-6.14
Mike Gesicki,receiving-yards,draftkings,23.5,-115,caesars,25.5,-113,2.0,0.038,-2.63,0.5,-5.75
Jalen Coker,receiving-yards,draftkings,47.5,-112,caesars,50.5,-117,3.0,0.038,-2.78,-2.07,-3.5
Tyler Warren,receiving-yards,caesars,43.5,-117,draftkings,46.5,-114,3.0,0.041,-2.85,-6.32,0.62
Christian Watson,receiving-yards,draftkings,59.5,-111,caesars,61.5,-113,2.0,0.023,-3.21,-1.56,-4.86
Cam Ward,rushing-yards,caesars,11.5,-114,draftkings,12.5,-114,1.0,0.031,-3.21,-6.14,-0.28
Jameson Williams,receptions,draftkings,3.5,-162,caesars,4.5,-160,1.0,0.194,-3.24,-0.41,-6.07
Bhayshul Tuten,rushing-yards,draftkings,49.5,-114,caesars,51.5,-113,2.0,0.028,-3.36,-2.26,-4.45
Josh Allen,pass-attempts,caesars,30.5,-118,draftkings,31.5,-123,1.0,0.055,-3.46,-5.76,-1.16
Jordan Addison,receptions,draftkings,2.5,-168,caesars,3.5,-179,1.0,0.224,-3.54,-5.81,-1.27
Greg Dulcich,receiving-yards,draftkings,21.5,-108,caesars,22.5,-117,1.0,0.02,-3.55,0.91,-8.0
Emmett Johnson,rushing-yards,draftkings,16.5,-112,caesars,17.5,-115,1.0,0.025,-3.59,-0.86,-6.33
Matthew Stafford,passing-yards,caesars,243.5,-114,draftkings,247.5,-113,4.0,0.024,-3.71,-4.1,-3.31
Tony Pollard,rushing-yards,draftkings,43.5,-109,caesars,44.5,-114,1.0,0.015,-3.72,-1.8,-5.63
Saquon Barkley,receiving-yards,caesars,10.5,-117,draftkings,11.5,-114,1.0,0.032,-3.75,-3.5,-4.0
Jacoby Brissett,passing-yards,caesars,217.5,-114,draftkings,220.5,-111,3.0,0.019,-3.76,-6.73,-0.79
Luther Burden,receiving-yards,draftkings,49.5,-114,caesars,51.5,-114,2.0,0.025,-3.78,-3.78,-3.78
Jaylen Waddle,receiving-yards,caesars,52.5,-117,draftkings,54.5,-111,2.0,0.025,-3.79,-6.51,-1.06
Carnell Tate,receiving-yards,draftkings,40.5,-110,caesars,41.5,-113,1.0,0.014,-3.81,-2.24,-5.37
Courtland Sutton,receiving-yards,caesars,42.5,-112,draftkings,43.5,-111,1.0,0.014,-3.83,-6.32,-1.35
De'Von Achane,rushing-yards,caesars,54.5,-114,draftkings,56.5,-115,2.0,0.027,-3.85,-6.24,-1.46
Lamar Jackson,rushing-yards,draftkings,39.5,-112,caesars,40.5,-112,1.0,0.016,-3.88,-3.35,-4.4
Javonte Williams,receiving-yards,caesars,11.5,-112,draftkings,12.5,-119,1.0,0.03,-3.89,-4.48,-3.3
J.K. Dobbins,rushing-yards,caesars,60.5,-113,draftkings,61.5,-110,1.0,0.013,-3.96,-4.17,-3.75
Patrick Mahomes,rushing-yards,draftkings,15.5,-117,caesars,16.5,-112,1.0,0.025,-4.0,-0.41,-7.59
Stefon Diggs,receiving-yards,caesars,46.5,-117,draftkings,48.5,-113,2.0,0.026,-4.03,-6.51,-1.55
Javonte Williams,rushing-yards,caesars,73.5,-113,draftkings,74.5,-110,1.0,0.011,-4.07,-5.75,-2.39
Dak Prescott,passing-yards,caesars,262.5,-113,draftkings,265.5,-113,3.0,0.017,-4.12,-5.75,-2.48
Jahmyr Gibbs,rushing-and-receiving-yards,draftkings,122.5,-114,caesars,125.5,-115,3.0,0.023,-4.18,-3.27,-5.09
Puka Nacua,receiving-yards,caesars,85.5,-115,draftkings,87.5,-112,2.0,0.018,-4.2,-6.33,-2.07
Khalil Shakir,receiving-yards,draftkings,43.5,-112,caesars,44.5,-113,1.0,0.014,-4.27,-2.8,-5.75
Tucker Kraft,receiving-yards,draftkings,45.5,-112,caesars,46.5,-113,1.0,0.013,-4.3,-1.8,-6.8
Isaiah Likely,receiving-yards,draftkings,45.5,-113,caesars,46.5,-112,1.0,0.013,-4.3,-4.3,-4.3
DeMario Douglas,receiving-yards,caesars,35.5,-112,draftkings,36.5,-114,1.0,0.015,-4.31,-7.27,-1.34
Colston Loveland,receiving-yards,caesars,46.5,-115,draftkings,47.5,-110,1.0,0.013,-4.32,-3.3,-5.35
Blake Corum,rushing-yards,caesars,44.5,-115,draftkings,45.5,-111,1.0,0.015,-4.33,-6.95,-1.72
Kyle Monangai,rush-attempts,caesars,8.5,-137,draftkings,9.5,-138,1.0,0.108,-4.34,-6.39,-2.29
Wan'Dale Robinson,receiving-yards,draftkings,36.5,-113,caesars,37.5,-113,1.0,0.015,-4.34,-2.93,-5.75
Jaxson Dart,passing-yards,draftkings,212.5,-111,caesars,214.5,-114,2.0,0.013,-4.35,-2.56,-6.14
Trevor Lawrence,passing-yards,caesars,220.5,-114,draftkings,222.5,-111,2.0,0.012,-4.37,-6.14,-2.59
Jalen Hurts,rushing-yards,caesars,29.5,-115,draftkings,30.5,-113,1.0,0.019,-4.38,-6.33,-2.43
Tyler Shough,passing-yards,caesars,240.5,-114,draftkings,242.5,-111,2.0,0.012,-4.41,-6.14,-2.67
Terry McLaurin,receiving-yards,draftkings,51.5,-114,caesars,52.5,-111,1.0,0.012,-4.42,-1.77,-7.06
Tetairoa McMillan,receiving-yards,caesars,57.5,-114,draftkings,58.5,-111,1.0,0.012,-4.46,-4.86,-4.05
Garrett Wilson,receptions,draftkings,5.5,-139,caesars,6.5,-173,1.0,0.161,-4.48,-3.96,-4.99
Cam Ward,passing-yards,caesars,187.5,-114,draftkings,189.5,-112,2.0,0.013,-4.49,-6.76,-2.21
Josh Allen,rushing-yards,caesars,32.5,-113,draftkings,33.5,-115,1.0,0.018,-4.49,-5.87,-3.11
Garrett Wilson,receiving-yards,draftkings,62.5,-113,caesars,63.5,-112,1.0,0.011,-4.52,-3.52,-5.51
Hunter Henry,receiving-yards,draftkings,37.5,-113,caesars,38.5,-114,1.0,0.015,-4.56,-2.89,-6.23
Patrick Mahomes,passing-yards,caesars,217.5,-114,draftkings,219.5,-112,2.0,0.012,-4.57,-4.97,-4.18
Bo Nix,passing-yards,caesars,220.5,-114,draftkings,222.5,-112,2.0,0.012,-4.57,-6.14,-3.0
Kyle Monangai,rushing-yards,draftkings,37.5,-113,caesars,38.5,-115,1.0,0.016,-4.61,-5.36,-3.86
Brock Purdy,passing-yards,caesars,237.5,-114,draftkings,239.5,-112,2.0,0.012,-4.61,-6.14,-3.07
David Montgomery,rushing-yards,caesars,66.5,-113,draftkings,67.5,-113,1.0,0.012,-4.63,-6.3,-2.96
Christian Watson,receptions,draftkings,3.5,-166,caesars,4.5,-170,1.0,0.195,-4.69,-4.79,-4.6
Josh Downs,receiving-yards,draftkings,36.5,-114,caesars,37.5,-114,1.0,0.015,-4.71,-5.74,-3.68
Kenneth Walker,rushing-yards,draftkings,78.5,-112,caesars,79.5,-114,1.0,0.011,-4.73,-3.31,-6.14
Geno Smith,passing-yards,caesars,207.5,-113,draftkings,208.5,-111,1.0,0.006,-4.75,-5.95,-3.55
Parker Washington,receiving-yards,caesars,52.5,-115,draftkings,53.5,-112,1.0,0.012,-4.78,-6.14,-3.42
Nico Collins,receiving-yards,draftkings,69.5,-113,caesars,70.5,-113,1.0,0.01,-4.78,-4.09,-5.47
De'Von Achane,receptions,draftkings,3.5,-157,caesars,4.5,-182,1.0,0.194,-4.82,-0.47,-9.17
Chris Olave,receptions,draftkings,5.5,-149,caesars,6.5,-164,1.0,0.16,-4.84,-4.45,-5.23
Jonathan Taylor,receiving-yards,draftkings,16.5,-115,caesars,17.5,-118,1.0,0.024,-4.85,-4.05,-5.66
Javonte Williams,rushing-and-receiving-yards,caesars,89.5,-115,draftkings,90.5,-111,1.0,0.009,-4.86,-6.52,-3.2
Jordan Addison,receiving-yards,caesars,35.5,-114,draftkings,36.5,-115,1.0,0.015,-4.88,-5.19,-4.58
Mack Hollins,receiving-yards,draftkings,36.5,-112,caesars,37.5,-117,1.0,0.015,-4.9,-3.29,-6.51
Malik Nabers,receiving-yards,draftkings,63.5,-112,caesars,64.5,-115,1.0,0.011,-4.91,-2.48,-7.34
Drew Lock,passing-yards,draftkings,204.5,-111,caesars,205.5,-114,1.0,0.006,-4.94,-4.55,-5.34
Saquon Barkley,rushing-yards,draftkings,77.5,-114,caesars,78.5,-113,1.0,0.011,-4.94,-2.09,-7.79
Jacoby Brissett,passing-tds,caesars,0.5,-245,draftkings,1.5,-264,1.0,0.364,-4.95,-3.84,-6.06
Bryce Young,passing-yards,draftkings,218.5,-113,caesars,220.5,-115,2.0,0.012,-4.97,-4.58,-5.36
D'Andre Swift,rushing-yards,draftkings,59.5,-115,caesars,60.5,-113,1.0,0.013,-4.97,-3.99,-5.95
Jayden Daniels,rushing-yards,caesars,37.5,-117,draftkings,38.5,-113,1.0,0.016,-4.98,-6.6,-3.35
Dalton Kincaid,receptions,draftkings,3.5,-164,caesars,4.5,-175,1.0,0.195,-4.98,-5.21,-4.74
Derrick Henry,rushing-yards,draftkings,88.5,-113,caesars,89.5,-114,1.0,0.01,-4.99,-5.55,-4.43
Jeremiyah Love,receiving-yards,caesars,14.5,-117,draftkings,15.5,-118,1.0,0.026,-5.02,-7.26,-2.79
Trey McBride,receiving-yards,draftkings,59.5,-113,caesars,60.5,-115,1.0,0.011,-5.07,-3.62,-6.52
Drake Maye,rushing-yards,caesars,24.5,-120,draftkings,25.5,-113,1.0,0.021,-5.1,-8.33,-1.87
Jahmyr Gibbs,rushing-yards,draftkings,88.5,-111,caesars,89.5,-117,1.0,0.01,-5.14,-2.18,-8.11
Omarion Hampton,rushing-yards,draftkings,64.5,-112,caesars,65.5,-117,1.0,0.012,-5.18,-4.05,-6.32
Jordan Love,passing-yards,draftkings,251.5,-112,caesars,252.5,-114,1.0,0.006,-5.19,-4.8,-5.59
Kenneth Walker,rushing-and-receiving-yards,draftkings,102.5,-113,caesars,103.5,-115,1.0,0.009,-5.34,-5.75,-4.92
Joe Burrow,passing-yards,draftkings,248.5,-112,caesars,249.5,-115,1.0,0.006,-5.38,-5.03,-5.73
Devaughn Vele,receiving-yards,draftkings,41.5,-114,caesars,42.5,-117,1.0,0.014,-5.39,-4.97,-5.8
Justin Jefferson,receptions,draftkings,5.5,-148,caesars,6.5,-170,1.0,0.161,-5.39,-6.41,-4.37
Amon-Ra St. Brown,receiving-yards,caesars,80.5,-117,draftkings,81.5,-112,1.0,0.01,-5.42,-6.51,-4.32
Jaxon Smith-Njigba,receiving-yards,caesars,80.5,-115,draftkings,81.5,-114,1.0,0.01,-5.44,-6.43,-4.45
George Pickens,receiving-yards,caesars,62.5,-118,draftkings,63.5,-112,1.0,0.011,-5.46,-6.7,-4.21
Dalton Schultz,receiving-yards,draftkings,36.5,-115,caesars,37.5,-117,1.0,0.015,-5.48,-4.17,-6.8
Saquon Barkley,rushing-and-receiving-yards,draftkings,93.5,-114,caesars,94.5,-115,1.0,0.009,-5.49,-4.46,-6.52
Jalen Hurts,passing-yards,caesars,205.5,-115,draftkings,206.5,-113,1.0,0.006,-5.54,-5.72,-5.36
Jaxson Dart,rush-attempts,draftkings,5.5,-147,caesars,6.5,-148,1.0,0.125,-5.58,-3.93,-7.23
Jared Goff,passing-yards,draftkings,266.5,-113,caesars,267.5,-115,1.0,0.006,-5.6,-4.67,-6.52
Jayden Daniels,passing-yards,caesars,214.5,-121,draftkings,216.5,-111,2.0,0.013,-5.65,-7.53,-3.76
Sam LaPorta,receiving-yards,draftkings,45.5,-115,caesars,46.5,-117,1.0,0.013,-5.66,-4.63,-6.7
Ja'Marr Chase,receiving-yards,caesars,74.5,-120,draftkings,75.5,-112,1.0,0.01,-5.93,-6.69,-5.18
Jared Goff,pass-attempts,draftkings,35.5,-120,caesars,36.5,-134,1.0,0.051,-5.95,-4.61,-7.28
Omarion Hampton,rush-attempts,draftkings,15.5,-133,caesars,16.5,-134,1.0,0.074,-6.08,-4.82,-7.34
Justin Jefferson,receiving-yards,caesars,74.5,-122,draftkings,75.5,-112,1.0,0.01,-6.24,-9.02,-3.47
Matthew Stafford,passing-tds,caesars,1.5,-205,draftkings,2.5,-221,1.0,0.27,-6.68,-7.17,-6.18
Josh Allen,longest-completion,caesars,39.5,-122,draftkings,40.5,-110,1.0,,,,
