player_name,stat_field,line,category_original,team,opponent,home_away,over_odds,over_book,under_odds,under_book,moneyline_odds,moneyline_book,site_projection,projection_diff
Joe Burrow,pass_yds,265.5,passing-yards,cin,tam,h,-115,fanatics,-114,riverscasino,,,269.0,-0.5
Matthew Stafford,pass_yds,260.5,passing-yards,,sfo,h,-110,bet365,-110,fanatics,,,265.0,-0.5
Jared Goff,pass_yds,261.5,passing-yards,det,nor,h,-114,fanduel,-110,bet365,,,270.0,6.5
Dak Prescott,pass_yds,254.5,passing-yards,dal,nyg,a,-110,bet365,-113,draftkings,,,260.0,-1.5
Tyler Shough,pass_yds,241.5,passing-yards,nor,det,a,-110,bet365,-111,draftkings,,,245.0,-1.5
Brock Purdy,pass_yds,243.5,passing-yards,sfo,,a,-113,draftkings,-114,fanduel,,,246.0,2.5
Jahmyr Gibbs,rush_yds,81.5,rushing-yards,det,nor,h,-110,bet365,-114,riverscasino,,,84.0,0.5
Derrick Henry,rush_yds,77.5,rushing-yards,bal,ind,a,-115,riverscasino,-110,draftkings,,,84.0,3.5
Jonathan Taylor,rush_yds,75.5,rushing-yards,ind,bal,h,-120,fanatics,-112,draftkings,,,78.0,-0.5
Saquon Barkley,rush_yds,75.5,rushing-yards,phi,was,h,-114,caesars,-110,bet365,,,77.0,-0.5
James Cook,rush_yds,70.5,rushing-yards,buf,hou,a,-110,bet365,-112,draftkings,,,77.0,1.5
Bijan Robinson,rush_yds,73.5,rushing-yards,atl,pit,a,-111,draftkings,-114,fanduel,,,80.0,6.5
Puka Nacua,rec_yds,86.5,receiving-yards,,sfo,h,-110,bet365,-110,fanatics,,,95.0,4.5
Ja'Marr Chase,rec_yds,85.5,receiving-yards,cin,tam,h,-114,fanduel,-110,bet365,,,88.0,-2.5
Jaxon Smith-Njigba,rec_yds,80.5,receiving-yards,sea,nwe,h,-110,bet365,-114,fanduel,,,92.0,11.5
Amon-Ra St. Brown,rec_yds,75.5,receiving-yards,det,nor,h,-135,bet365,-113,riverscasino,,,78.0,0.5
Chris Olave,rec_yds,75.5,receiving-yards,nor,det,a,-110,bet365,-113,draftkings,,,76.0,-0.5
Justin Jefferson,rec_yds,70.5,receiving-yards,min,gnb,h,-120,fanatics,-112,draftkings,,,76.0,1.5
Ja'Marr Chase,rec,7.5,receptions,cin,tam,h,+118,caesars,-119,draftkings,,,7.3,-0.2
Puka Nacua,rec,7.5,receptions,,sfo,h,+116,fanduel,-140,fanatics,,,7.3,-0.2
Jaxon Smith-Njigba,rec,6.5,receptions,sea,nwe,h,-102,fanduel,-115,bet365,,,6.4,-0.1
Amon-Ra St. Brown,rec,6.5,receptions,det,nor,h,-105,draftkings,-114,fanduel,,,6.5,0.0
Chris Olave,rec,6.5,receptions,nor,det,a,+102,caesars,-115,bet365,,,6.1,-0.4
CeeDee Lamb,rec,6.5,receptions,dal,nyg,a,+120,bet365,-135,fanatics,,,5.9,-0.6
Max Klare,any_td,0.5,touchdowns,,sfo,h,,,,,+1300,fanduel,0.02,-3600.0
Chris Bell,any_td,0.5,touchdowns,mia,lvr,a,,,,,-1400,hardrock,0.139,-2019.42
Jahmyr Gibbs,any_td,0.5,touchdowns,det,nor,h,,,,,-260,bet365,0.69,-304.93
Travis Homer,any_td,0.5,touchdowns,pit,atl,h,,,,,+3000,fanatics,0.0,0.0
Gavin Bartholomew,any_td,0.5,touchdowns,min,gnb,h,,,,,+2000,fanduel,0.0,0.0
Lew Nichols,any_td,0.5,touchdowns,pit,atl,h,,,,,+2500,fanatics,0.0,0.0
Joe Burrow,pass_td,1.5,passing-tds,cin,tam,h,-205,fanatics,-200,caesars,,,2.2,-0.3
Jared Goff,pass_td,1.5,passing-tds,det,nor,h,-190,caesars,+160,bet365,,,2.1,0.6
Justin Herbert,pass_td,1.5,passing-tds,lac,ari,h,-170,bet365,-230,riverscasino,,,2.1,0.6
Matthew Stafford,pass_td,1.5,passing-tds,,sfo,h,-144,fanduel,+130,bet365,,,2.0,0.5
Dak Prescott,pass_td,1.5,passing-tds,dal,nyg,a,-136,fanduel,+114,draftkings,,,1.9,0.4
Baker Mayfield,pass_td,1.5,passing-tds,tam,cin,a,-112,fanduel,-105,draftkings,,,1.7,0.2
Joe Burrow,pass_cmp,24.5,completions,cin,tam,h,-110,fanatics,-102,fanduel,,,23.5,-1.0
Matthew Stafford,pass_cmp,22.5,completions,,sfo,h,-130,fanduel,-115,hardrock,,,23.0,-0.5
Jared Goff,pass_cmp,22.5,completions,det,nor,h,-114,fanduel,-115,hardrock,,,22.5,-1.0
Dak Prescott,pass_cmp,22.5,completions,dal,nyg,a,-105,fanatics,-115,hardrock,,,22.4,-0.1
Tyler Shough,pass_cmp,21.5,completions,nor,det,a,-115,hardrock,-114,fanduel,,,22.5,1.0
Brock Purdy,pass_cmp,21.5,completions,sfo,,a,-115,bet365,-130,fanduel,,,22.5,1.0
Brock Purdy,pass_int,0.5,interceptions,sfo,,a,-115,hardrock,+112,fanduel,,,0.84,0.34
Tua Tagovailoa,pass_int,0.5,interceptions,atl,pit,a,-140,bet365,+110,bet365,,,0.71,0.21
Malik Willis,pass_int,0.5,interceptions,mia,lvr,a,-140,bet365,+110,bet365,,,0.65,0.15
Drake Maye,pass_int,0.5,interceptions,nwe,sea,a,-115,hardrock,+102,riverscasino,,,0.56,0.06
C.J. Stroud,pass_int,0.5,interceptions,hou,buf,h,-105,bet365,-102,fanduel,,,0.59,0.09
Bo Nix,pass_int,0.5,interceptions,den,kan,a,-130,bet365,even,bet365,,,0.74,0.24
Joe Burrow,pass_att,33.5,pass-attempts,cin,tam,h,-115,hardrock,-130,fanduel,,,35.5,0.0
Matthew Stafford,pass_att,33.5,pass-attempts,,sfo,h,-115,bet365,-102,fanduel,,,35.0,0.5
Tyler Shough,pass_att,31.5,pass-attempts,nor,det,a,-115,bet365,-102,fanduel,,,35.0,0.5
Bo Nix,pass_att,34.5,pass-attempts,den,kan,a,-110,fanatics,-130,fanduel,,,35.0,0.5
Jacoby Brissett,pass_att,33.5,pass-attempts,ari,lac,a,-110,bet365,-130,fanduel,,,34.0,0.5
Brock Purdy,pass_att,33.5,pass-attempts,sfo,,a,-110,bet365,-102,fanduel,,,33.5,0.0
Sione Vaki,rush_att,0.5,rush-attempts,det,nor,h,+210,bet365,-270,bet365,,,2.0,1.5
Jonathan Taylor,rush_att,18.5,rush-attempts,ind,bal,h,-102,fanduel,-110,bet365,,,17.8,-1.7
Jahmyr Gibbs,rush_att,17.5,rush-attempts,det,nor,h,-130,fanduel,-115,bet365,,,17.5,-1.0
Bijan Robinson,rush_att,17.5,rush-attempts,atl,pit,a,-130,bet365,-130,hardrock,,,16.8,-0.7
Tyler Allgeier,rush_att,8.5,rush-attempts,ari,lac,a,-120,bet365,-110,bet365,,,8.5,0.0
Rashee Rice,rush_att,0.5,rush-attempts,kan,den,h,+350,bet365,-500,bet365,,,0.2,-0.3
Kyler Murray,pass_rush_yds,246.5,passing-and-rushing-yards,min,gnb,h,-114,fanduel,-115,bet365,,,246.0,-1.5
Joe Burrow,pass_rush_yds,276.5,passing-and-rushing-yards,cin,tam,h,-114,fanduel,-115,bet365,,,276.0,-4.5
Jared Goff,pass_rush_yds,267.5,passing-and-rushing-yards,det,nor,h,-115,bet365,-115,bet365,,,271.0,3.5
Brock Purdy,pass_rush_yds,263.5,passing-and-rushing-yards,sfo,,a,-115,riverscasino,-114,fanduel,,,261.0,-3.5
Tyler Shough,pass_rush_yds,261.5,passing-and-rushing-yards,nor,det,a,-115,bet365,-115,riverscasino,,,262.0,-1.5
Dak Prescott,pass_rush_yds,262.5,passing-and-rushing-yards,dal,nyg,a,-115,bet365,-115,bet365,,,268.0,5.5
Tyler Allgeier,rush_rec_yds,44.5,rushing-and-receiving-yards,ari,lac,a,-115,bet365,-115,bet365,,,43.0,-1.5
Jahmyr Gibbs,rush_rec_yds,117.5,rushing-and-receiving-yards,det,nor,h,-113,draftkings,-115,fanduel,,,118.0,0.5
Bijan Robinson,rush_rec_yds,115.5,rushing-and-receiving-yards,atl,pit,a,-110,fanatics,-115,bet365,,,120.0,4.5
Justin Jefferson,rush_rec_yds,77.5,rushing-and-receiving-yards,min,gnb,h,-115,bet365,-115,bet365,,,76.0,-1.5
De'Von Achane,rush_rec_yds,100.5,rushing-and-receiving-yards,mia,lvr,a,-120,fanatics,-111,draftkings,,,102.0,-4.5
Christian McCaffrey,rush_rec_yds,99.5,rushing-and-receiving-yards,sfo,,a,-115,bet365,-114,draftkings,,,104.0,0.5
