player_name,category,team,low_book,low_line,low_over_odds,high_book,high_line,high_under_odds,middle_width,books_compared,stake_over,stake_under,loss_if_miss,profit_if_middle_hits,market_mean,historical_std,historical_games,p_middle_hits,expected_value,note
Deshaun Watson,rushing-yards,cle,riverscasino,15.5,100,fanduel,19.5,-114.0,4.0,6,48.42,51.58,-3.17,93.67,17.33,16.17,70.0,0.0984,6.36,
Rhamondre Stevenson,rush-attempts,nwe,fanatics,14.5,-125,draftkings,16.5,-113.0,2.0,6,51.15,48.85,-7.93,84.15,15.33,5.65,65.0,0.1405,5.01,
Dak Prescott,completions,dal,hardrock,21.5,-125,fanduel,23.5,-114.0,2.0,6,51.05,48.95,-8.11,83.78,22.33,5.95,133.0,0.1335,4.15,
Saquon Barkley,rush-attempts,phi,fanduel,16.5,-136,draftkings,18.5,-106.0,2.0,6,52.83,47.17,-8.33,83.35,18.17,6.16,102.0,0.1282,3.42,
Baker Mayfield,pass-attempts,tam,fanatics,30.5,-125,riverscasino,32.5,-108.0,2.0,7,51.69,48.31,-6.96,86.08,31.64,7.62,116.0,0.1044,2.75,
Brock Purdy,rushing-yards,sfo,fanatics,15.5,-110,draftkings,18.5,-114.0,3.0,6,49.58,50.42,-5.35,89.3,17.33,15.25,46.0,0.0783,2.06,
Rhamondre Stevenson,rushing-and-receiving-yards,nwe,riverscasino,83.5,-113,draftkings,91.5,-114.0,8.0,6,49.9,50.1,-5.95,88.11,86.64,38.89,65.0,0.0819,1.75,
TreVeyon Henderson,rush-attempts,nwe,draftkings,5.5,-108,caesars,7.5,-155.0,2.0,5,46.07,53.93,-11.27,77.45,6.1,5.55,16.0,0.1426,1.38,
Tyler Shough,rushing-yards,nor,riverscasino,14.5,-118,draftkings,17.5,-107.0,3.0,5,51.15,48.85,-5.5,89.0,16.7,17.65,10.0,0.0677,0.9,
Dak Prescott,pass-attempts,dal,hardrock,32.5,-125,fanduel,34.5,-114.0,2.0,6,51.05,48.95,-8.11,83.78,33.17,8.42,133.0,0.0945,0.57,
Rashee Rice,receiving-yards,kan,caesars,59.5,-102,draftkings,62.5,-110.0,3.0,6,49.08,50.92,-2.8,94.41,60.33,34.73,28.0,0.0344,0.55,
Patrick Mahomes,pass-attempts,kan,draftkings,31.5,-117,riverscasino,33.5,-127.0,2.0,7,49.08,50.92,-8.98,82.04,32.21,7.61,122.0,0.1044,0.53,
Rashid Shaheed,rushing-and-receiving-yards,sea,fanatics,35.5,-115,riverscasino,42.5,-117.0,7.0,4,49.8,50.2,-6.89,86.21,37.7,35.5,47.0,0.0785,0.42,
Jaxson Dart,rushing-yards,nyg,fanduel,28.5,-114,draftkings,32.5,-111.0,4.0,5,50.31,49.69,-5.55,88.9,29.9,25.86,13.0,0.0616,0.27,
Deshaun Watson,pass-attempts,cle,fanatics,29.5,-125,riverscasino,31.5,-124.0,2.0,7,50.09,49.91,-9.84,80.32,30.64,7.14,70.0,0.1114,0.2,
Cam Ward,passing-and-rushing-yards,ten,fanduel,213.5,-114,draftkings,222.5,-112.0,9.0,4,50.21,49.79,-5.75,88.5,218.0,58.42,16.0,0.0614,0.04,
Rhamondre Stevenson,rushing-yards,nwe,riverscasino,55.5,-115,draftkings,60.5,-110.0,5.0,6,50.52,49.48,-5.54,88.91,56.83,33.87,65.0,0.0588,0.01,
Joe Burrow,pass-attempts,cin,draftkings,34.5,-111,fanduel,36.5,-130.0,2.0,7,48.21,51.79,-8.36,83.27,34.93,8.71,73.0,0.0913,0.0,
Jayden Daniels,rushing-yards,was,riverscasino,34.5,-117,draftkings,38.5,-108.0,4.0,6,50.94,49.06,-5.52,88.96,36.67,28.28,23.0,0.0564,-0.19,
Lamar Jackson,rushing-yards,bal,draftkings,34.5,-114,caesars,37.5,-102.0,3.0,6,51.34,48.66,-3.63,92.74,36.5,33.49,113.0,0.0357,-0.19,
Devaughn Vele,receiving-yards,nor,fanatics,35.5,-110,caesars,39.5,-115.0,4.0,5,49.48,50.52,-5.54,88.91,38.1,28.17,25.0,0.0566,-0.2,
Bhayshul Tuten,rushing-and-receiving-yards,jax,riverscasino,63.5,-115,draftkings,66.5,-111.0,3.0,5,50.42,49.58,-5.74,88.51,65.0,21.4,14.0,0.0559,-0.47,
Josh Allen,rushing-yards,buf,riverscasino,28.5,-117,draftkings,32.5,-113.0,4.0,6,50.4,49.6,-6.51,86.97,30.5,24.85,121.0,0.0642,-0.51,
Travis Etienne,rushing-yards,nor,fanatics,50.5,-120,draftkings,56.5,-114.0,6.0,6,50.59,49.41,-7.25,85.5,55.17,33.47,61.0,0.0713,-0.63,
Cam Ward,passing-yards,ten,fanduel,201.5,-114,draftkings,208.5,-111.0,7.0,5,50.31,49.69,-5.55,88.9,205.1,57.06,16.0,0.0489,-0.93,
Woody Marks,rushing-yards,hou,riverscasino,29.5,-113,draftkings,32.5,-113.0,3.0,5,50.0,50.0,-5.75,88.5,30.9,24.35,14.0,0.0491,-1.12,
Drake Maye,pass-attempts,nwe,riverscasino,30.5,-122,draftkings,32.5,-120.0,2.0,7,50.19,49.81,-8.68,82.65,31.79,9.64,28.0,0.0826,-1.13,
Deshaun Watson,passing-and-rushing-yards,cle,riverscasino,190.5,-112,fanduel,201.5,-114.0,11.0,4,49.79,50.21,-5.75,88.5,195.75,90.2,70.0,0.0486,-1.17,
Travis Etienne,receiving-yards,nor,fanatics,15.5,-125,draftkings,18.5,-113.0,3.0,5,51.15,48.85,-7.93,84.15,17.3,16.39,61.0,0.0729,-1.22,
Bo Nix,passing-and-rushing-yards,den,riverscasino,240.5,-115,draftkings,248.5,-112.0,8.0,4,50.31,49.69,-5.94,88.11,245.5,64.3,32.0,0.0496,-1.28,
Baker Mayfield,passing-and-rushing-yards,tam,draftkings,246.5,-112,riverscasino,255.5,-115.0,9.0,4,49.69,50.31,-5.94,88.11,250.5,72.64,116.0,0.0494,-1.29,
Justin Herbert,passing-and-rushing-yards,lac,fanduel,256.5,-114,draftkings,265.5,-112.0,9.0,3,50.21,49.79,-5.75,88.5,261.83,76.32,88.0,0.047,-1.32,
David Montgomery,rushing-and-receiving-yards,hou,riverscasino,64.5,-113,draftkings,68.5,-113.0,4.0,6,50.0,50.0,-5.75,88.5,66.17,34.33,98.0,0.0465,-1.37,
Tyjae Spears,rushing-yards,ten,draftkings,19.5,-117,fanduel,22.5,-114.0,3.0,6,50.3,49.7,-6.71,86.59,20.67,20.94,40.0,0.0571,-1.38,
Gunnar Helm,receiving-yards,ten,draftkings,22.5,-115,caesars,24.5,-115.0,2.0,5,50.0,50.0,-6.52,86.96,23.9,14.59,16.0,0.0546,-1.41,
Tee Higgins,receiving-yards,cin,fanatics,60.5,-110,riverscasino,64.5,-113.0,4.0,6,49.68,50.32,-5.15,89.69,62.0,40.75,80.0,0.0391,-1.44,
Malik Willis,passing-yards,mia,riverscasino,177.5,-114,fanduel,184.5,-114.0,7.0,6,50.0,50.0,-6.14,87.72,181.67,56.09,20.0,0.0498,-1.47,
Woody Marks,rushing-and-receiving-yards,hou,riverscasino,41.5,-118,draftkings,46.5,-115.0,5.0,5,50.3,49.7,-7.08,85.84,44.3,33.05,14.0,0.0603,-1.48,
George Holani,rushing-and-receiving-yards,sea,riverscasino,33.5,-120,draftkings,35.5,-114.0,2.0,6,50.59,49.41,-7.25,85.5,34.93,12.86,15.0,0.0619,-1.5,
Malik Willis,rushing-yards,mia,fanduel,34.5,-114,draftkings,36.5,-109.0,2.0,5,50.53,49.47,-5.15,89.71,35.7,20.77,20.0,0.0384,-1.51,
Kayshon Boutte,receiving-yards,hou,riverscasino,20.5,-113,draftkings,23.5,-112.0,3.0,6,50.1,49.9,-5.56,88.89,22.0,28.26,31.0,0.0423,-1.56,
Chase Brown,rushing-yards,cin,fanatics,55.5,-125,riverscasino,61.5,-113.0,6.0,6,51.15,48.85,-7.93,84.15,58.33,34.57,43.0,0.0691,-1.56,
Wan'Dale Robinson,receiving-yards,ten,fanatics,40.5,-115,draftkings,44.5,-113.0,4.0,6,50.2,49.8,-6.14,87.72,42.5,32.72,52.0,0.0487,-1.57,
Jared Goff,passing-yards,det,fanatics,255.5,-110,draftkings,262.5,-112.0,7.0,6,49.79,50.21,-4.95,90.09,260.33,78.82,144.0,0.0354,-1.58,
Cam Skattebo,rush-attempts,nyg,hardrock,11.5,-125,fanduel,13.5,-130.0,2.0,5,49.57,50.43,-10.78,78.45,12.3,7.8,8.0,0.102,-1.68,
Tyler Shough,passing-and-rushing-yards,nor,riverscasino,257.5,-114,draftkings,269.5,-114.0,12.0,4,50.0,50.0,-6.14,87.72,264.75,102.05,10.0,0.0469,-1.74,
Chase Brown,rushing-and-receiving-yards,cin,fanatics,85.5,-105,draftkings,88.5,-114.0,3.0,6,49.02,50.98,-4.3,91.4,86.67,44.98,43.0,0.0266,-1.75,
Jahan Dotson,receiving-yards,atl,fanatics,15.5,-120,draftkings,19.5,-116.0,4.0,6,50.39,49.61,-7.62,84.76,18.33,25.74,58.0,0.0619,-1.9,
Joe Burrow,passing-yards,cin,draftkings,264.5,-112,riverscasino,273.5,-114.0,9.0,6,49.79,50.21,-5.75,88.5,267.5,87.94,73.0,0.0408,-1.9,
Justin Herbert,passing-yards,lac,fanduel,233.5,-114,draftkings,240.5,-111.0,7.0,6,50.31,49.69,-5.55,88.9,236.5,72.51,88.0,0.0385,-1.91,
Tyler Allgeier,rushing-yards,ari,fanatics,30.5,100,sleeper,33.5,-130.0,3.0,2,46.94,53.06,-6.12,87.76,32.0,26.81,62.0,0.0446,-1.93,
Amon-Ra St. Brown,receiving-yards,det,fanatics,75.5,-115,riverscasino,80.5,-115.0,5.0,6,50.0,50.0,-6.52,86.96,77.5,40.91,76.0,0.0487,-1.96,
Christian Watson,receiving-yards,gnb,riverscasino,53.5,-115,draftkings,57.5,-113.0,4.0,6,50.2,49.8,-6.14,87.72,55.17,35.89,44.0,0.0444,-1.97,
Jerry Jeudy,receiving-yards,cle,riverscasino,26.5,-115,caesars,31.5,-118.0,5.0,6,49.7,50.3,-7.08,85.84,30.33,36.23,84.0,0.055,-1.97,
Colby Parkinson,receiving-yards,,draftkings,19.5,-116,riverscasino,21.5,-113.0,2.0,5,50.31,49.69,-6.33,87.34,20.5,17.54,78.0,0.0455,-2.07,
Patrick Mahomes,passing-yards,kan,riverscasino,225.5,-115,draftkings,232.5,-111.0,7.0,6,50.42,49.58,-5.74,88.51,227.17,74.91,122.0,0.0373,-2.23,
Justin Herbert,rushing-yards,lac,fanduel,19.5,-114,draftkings,21.5,-114.0,2.0,5,50.0,50.0,-6.14,87.72,20.5,19.72,88.0,0.0405,-2.34,
Deshaun Watson,passing-yards,cle,draftkings,170.5,-113,fanduel,178.5,-114.0,8.0,6,49.9,50.1,-5.95,88.11,173.33,83.35,70.0,0.0383,-2.35,
Geno Smith,rushing-yards,nyj,riverscasino,5.5,-112,draftkings,7.5,-122.0,2.0,6,49.01,50.99,-7.22,85.55,6.17,15.21,105.0,0.0524,-2.36,
Brock Bowers,receiving-yards,lvr,fanatics,60.5,-125,draftkings,65.5,-113.0,5.0,6,51.15,48.85,-7.93,84.15,63.5,33.24,28.0,0.06,-2.41,
Saquon Barkley,rushing-and-receiving-yards,phi,riverscasino,94.5,-113,draftkings,98.5,-111.0,4.0,6,50.21,49.79,-5.36,89.29,96.83,51.42,102.0,0.031,-2.42,
Bhayshul Tuten,rushing-yards,jax,riverscasino,48.5,-120,caesars,51.5,-120.0,3.0,5,50.0,50.0,-8.33,83.33,50.3,18.54,14.0,0.0645,-2.42,
Tyler Shough,passing-yards,nor,riverscasino,236.5,-117,draftkings,247.5,-113.0,11.0,5,50.4,49.6,-6.51,86.97,244.5,101.09,10.0,0.0434,-2.46,
Bijan Robinson,rushing-yards,atl,draftkings,74.5,-110,riverscasino,77.5,-114.0,3.0,6,49.58,50.42,-5.35,89.3,76.17,40.01,48.0,0.0299,-2.52,
Patrick Mahomes,passing-and-rushing-yards,kan,riverscasino,243.5,-117,draftkings,251.5,-113.0,8.0,4,50.4,49.6,-6.51,86.97,247.0,75.0,122.0,0.0425,-2.53,
Tony Pollard,rushing-and-receiving-yards,ten,hardrock,65.5,-115,riverscasino,69.5,-114.0,4.0,6,50.1,49.9,-6.33,87.34,67.07,40.09,106.0,0.0398,-2.6,
Cam Skattebo,rushing-and-receiving-yards,nyg,riverscasino,67.5,-115,fanduel,71.5,-114.0,4.0,5,50.1,49.9,-6.33,87.34,69.67,40.3,8.0,0.0396,-2.62,
Trevor Lawrence,passing-yards,jax,riverscasino,232.5,-114,fanduel,238.5,-114.0,6.0,6,50.0,50.0,-6.14,87.72,235.67,64.52,71.0,0.0371,-2.66,
Bijan Robinson,rushing-and-receiving-yards,atl,draftkings,114.5,-115,riverscasino,119.5,-115.0,5.0,6,50.0,50.0,-6.52,86.96,116.79,48.88,48.0,0.0408,-2.71,
Tony Pollard,rushing-yards,ten,draftkings,54.5,-110,riverscasino,57.5,-117.0,3.0,6,49.28,50.72,-5.92,88.15,55.33,35.14,106.0,0.034,-2.72,
Bo Nix,passing-yards,den,riverscasino,224.5,-114,draftkings,229.5,-111.0,5.0,6,50.31,49.69,-5.55,88.9,226.83,66.78,32.0,0.0299,-2.73,
Jacoby Brissett,passing-yards,ari,fanatics,220.5,-110,draftkings,227.5,-113.0,7.0,6,49.68,50.32,-5.15,89.69,222.83,112.45,96.0,0.0248,-2.8,
Dak Prescott,passing-yards,dal,riverscasino,254.5,-117,draftkings,262.5,-113.0,8.0,6,50.4,49.6,-6.51,86.97,259.17,80.54,133.0,0.0396,-2.81,
Malik Washington,receiving-yards,mia,fanatics,25.5,-125,draftkings,27.5,-111.0,2.0,5,51.36,48.64,-7.55,84.91,26.7,15.62,29.0,0.051,-2.83,
Matthew Stafford,passing-yards,,fanduel,263.5,-114,draftkings,268.5,-111.0,5.0,6,50.31,49.69,-5.55,88.9,265.5,70.36,222.0,0.0283,-2.87,
Tyjae Spears,rushing-and-receiving-yards,ten,fanatics,40.5,-130,fanduel,45.5,-115.0,5.0,6,51.38,48.62,-9.1,81.8,42.93,29.2,40.0,0.0682,-2.9,
Xavier Hutchinson,receiving-yards,hou,draftkings,17.5,-116,fanatics,20.5,-135.0,3.0,5,48.32,51.68,-10.03,79.94,19.1,15.09,45.0,0.0792,-2.91,
Jonathan Taylor,receiving-yards,ind,sleeper,15.5,-128,fanduel,18.5,-114.0,3.0,5,51.31,48.69,-8.6,82.8,16.5,19.26,78.0,0.0621,-2.93,
Baker Mayfield,passing-yards,tam,draftkings,229.5,-111,riverscasino,234.5,-114.0,5.0,6,49.69,50.31,-5.55,88.9,231.67,72.04,116.0,0.0277,-2.94,
Kenneth Gainwell,receiving-yards,tam,caesars,20.5,-117,draftkings,22.5,-116.0,2.0,5,50.1,49.9,-7.08,85.84,21.1,17.9,76.0,0.0445,-2.94,
Cam Skattebo,rushing-yards,nyg,draftkings,48.5,-115,fanduel,51.5,-114.0,3.0,5,50.1,49.9,-6.33,87.34,49.9,33.15,8.0,0.0361,-2.95,
Greg Dulcich,receiving-yards,mia,draftkings,24.5,-113,fanduel,26.5,-114.0,2.0,5,49.9,50.1,-5.95,88.11,25.5,25.0,29.0,0.0319,-2.95,
Omarion Hampton,rushing-yards,lac,riverscasino,64.5,-117,draftkings,67.5,-113.0,3.0,5,50.4,49.6,-6.51,86.97,66.1,31.4,8.0,0.0381,-2.95,
Trevor Lawrence,rushing-yards,jax,fanatics,15.5,-135,draftkings,18.5,-117.0,3.0,6,51.58,48.42,-10.2,79.59,16.83,14.85,71.0,0.0805,-2.98,
Ladd McConkey,receiving-yards,lac,fanatics,50.5,-120,draftkings,53.5,-110.0,3.0,6,51.01,48.99,-6.48,87.04,51.67,32.03,30.0,0.0374,-2.99,
Bucky Irving,receiving-yards,tam,fanatics,10.5,-125,draftkings,14.5,-117.0,4.0,6,50.75,49.25,-8.65,82.69,13.33,25.71,25.0,0.062,-2.99,
C.J. Stroud,passing-yards,hou,riverscasino,213.5,-115,draftkings,220.5,-114.0,7.0,6,50.1,49.9,-6.33,87.34,217.67,78.3,42.0,0.0357,-2.99,
James Cook,rushing-and-receiving-yards,buf,fanatics,90.5,-110,fanduel,93.5,-114.0,3.0,5,49.58,50.42,-5.35,89.3,92.0,48.88,62.0,0.0245,-3.03,
Mark Andrews,receiving-yards,bal,fanatics,30.5,-135,riverscasino,36.5,-115.0,6.0,6,51.78,48.22,-9.86,80.29,34.33,31.57,114.0,0.0757,-3.04,
Bryce Young,passing-and-rushing-yards,car,draftkings,224.5,-113,riverscasino,230.5,-114.0,6.0,4,49.9,50.1,-5.95,88.11,226.25,77.32,43.0,0.0309,-3.04,
Kyren Williams,rushing-and-receiving-yards,,riverscasino,69.5,-115,draftkings,72.5,-112.0,3.0,5,50.31,49.69,-5.94,88.11,71.5,39.22,52.0,0.0305,-3.07,
Chase Brown,receiving-yards,cin,riverscasino,22.5,-115,fanatics,25.5,-125.0,3.0,6,49.05,50.95,-8.29,83.41,23.67,20.99,43.0,0.057,-3.07,
Jalen Coker,receiving-yards,car,fanatics,35.5,-125,caesars,39.5,-114.0,4.0,5,51.05,48.95,-8.11,83.78,38.3,29.07,20.0,0.0548,-3.07,
Xavier Worthy,receiving-yards,kan,fanatics,35.5,-115,draftkings,37.5,-114.0,2.0,6,50.1,49.9,-6.33,87.34,36.67,23.01,30.0,0.0347,-3.08,
Dak Prescott,passing-and-rushing-yards,dal,riverscasino,266.5,-115,draftkings,273.5,-114.0,7.0,3,50.1,49.9,-6.33,87.34,271.17,80.36,133.0,0.0347,-3.08,
Kenneth Gainwell,rushing-and-receiving-yards,tam,fanduel,45.5,-115,draftkings,48.5,-116.0,3.0,3,49.9,50.1,-6.71,86.58,46.75,31.27,76.0,0.0383,-3.14,
Zay Flowers,receiving-yards,bal,fanduel,63.5,-114,riverscasino,66.5,-115.0,3.0,6,49.9,50.1,-6.33,87.34,64.83,35.09,47.0,0.0341,-3.14,
Caleb Williams,rushing-yards,chi,draftkings,19.5,-113,riverscasino,21.5,-120.0,2.0,6,49.31,50.69,-7.06,85.88,20.0,18.95,32.0,0.0421,-3.15,
Quinshon Judkins,rushing-and-receiving-yards,cle,riverscasino,71.5,-113,draftkings,73.5,-111.0,2.0,5,50.21,49.79,-5.36,89.29,71.67,34.99,14.0,0.0228,-3.2,
Khalil Shakir,receiving-yards,buf,fanatics,35.5,-110,draftkings,37.5,-115.0,2.0,6,49.48,50.52,-5.54,88.91,36.67,32.37,60.0,0.0246,-3.21,
De'Von Achane,receiving-yards,mia,fanduel,27.5,-114,fanatics,30.5,-125.0,3.0,6,48.95,51.05,-8.11,83.78,29.0,22.45,42.0,0.0533,-3.22,
Garrett Wilson,receiving-yards,nyj,riverscasino,58.5,-118,draftkings,61.5,-112.0,3.0,6,50.61,49.39,-6.51,86.99,60.67,34.08,54.0,0.0351,-3.23,
Quentin Johnston,receiving-yards,lac,fanatics,40.5,-125,riverscasino,44.5,-114.0,4.0,6,51.05,48.95,-8.11,83.78,42.67,30.26,43.0,0.0527,-3.27,
Javonte Williams,rushing-yards,dal,fanatics,70.5,-125,draftkings,74.5,-114.0,4.0,6,51.05,48.95,-8.11,83.78,73.17,30.52,66.0,0.0522,-3.31,
Jordan Addison,receiving-yards,min,fanatics,40.5,-115,draftkings,43.5,-114.0,3.0,6,50.1,49.9,-6.33,87.34,42.5,37.17,43.0,0.0322,-3.32,
Xavier Legette,receiving-yards,car,draftkings,17.5,-117,fanatics,20.5,-120.0,3.0,5,49.71,50.29,-7.8,84.4,18.9,24.68,29.0,0.0485,-3.33,
Bucky Irving,rushing-yards,tam,riverscasino,55.5,-117,fanduel,58.5,-114.0,3.0,6,50.3,49.7,-6.71,86.59,57.0,33.26,25.0,0.036,-3.35,
Jaylen Waddle,receiving-yards,den,fanduel,53.5,-114,draftkings,55.5,-110.0,2.0,6,50.42,49.58,-5.35,89.3,54.67,37.79,73.0,0.0211,-3.35,
Aaron Rodgers,passing-yards,pit,fanatics,210.5,-115,draftkings,215.5,-111.0,5.0,6,50.42,49.58,-5.74,88.51,213.0,78.91,215.0,0.0253,-3.36,
Kyler Murray,pass-attempts,min,draftkings,30.5,-128,fanduel,32.5,-130.0,2.0,6,49.83,50.17,-11.24,77.52,31.5,9.0,82.0,0.0885,-3.39,
Rico Dowdle,rushing-and-receiving-yards,pit,fanatics,60.5,-125,draftkings,66.5,-111.0,6.0,6,51.36,48.64,-7.55,84.91,64.5,53.38,65.0,0.0448,-3.41,
Drake Maye,passing-yards,nwe,riverscasino,226.5,-115,fanduel,232.5,-114.0,6.0,6,50.1,49.9,-6.33,87.34,229.67,76.99,28.0,0.0311,-3.42,
David Montgomery,rushing-yards,hou,riverscasino,53.5,-113,draftkings,55.5,-113.0,2.0,6,50.0,50.0,-5.75,88.5,54.67,32.31,98.0,0.0247,-3.42,
Courtland Sutton,receiving-yards,den,fanatics,40.5,-125,draftkings,44.5,-113.0,4.0,6,51.15,48.85,-7.93,84.15,42.83,32.72,108.0,0.0487,-3.44,
Josh Downs,receiving-yards,ind,fanduel,43.5,-114,draftkings,45.5,-114.0,2.0,5,50.0,50.0,-6.14,87.72,44.7,27.95,44.0,0.0285,-3.46,
Jayden Daniels,passing-yards,was,fanatics,200.5,-115,fanduel,205.5,-114.0,5.0,6,50.1,49.9,-6.33,87.34,202.83,65.66,23.0,0.0304,-3.49,
CeeDee Lamb,receiving-yards,dal,fanatics,75.5,-110,draftkings,77.5,-114.0,2.0,6,49.58,50.42,-5.35,89.3,76.67,41.03,89.0,0.0194,-3.51,
TreVeyon Henderson,rushing-yards,nwe,draftkings,18.5,-112,caesars,22.5,-120.0,4.0,5,49.2,50.8,-6.87,86.26,20.1,44.38,16.0,0.0359,-3.52,
Jaxson Dart,passing-yards,nyg,draftkings,211.5,-113,fanduel,217.5,-114.0,6.0,5,49.9,50.1,-5.95,88.11,215.3,94.23,13.0,0.0254,-3.56,
Nico Collins,receiving-yards,hou,fanatics,65.5,-125,draftkings,70.5,-113.0,5.0,6,51.15,48.85,-7.93,84.15,69.0,42.09,61.0,0.0474,-3.57,
Jakobi Meyers,receiving-yards,jax,fanatics,35.5,-115,riverscasino,37.5,-113.0,2.0,6,50.2,49.8,-6.14,87.72,37.0,30.13,99.0,0.0265,-3.66,
Jalen Hurts,passing-yards,phi,draftkings,209.5,-111,fanduel,214.5,-114.0,5.0,6,49.69,50.31,-5.55,88.9,211.83,99.78,89.0,0.02,-3.66,
D'Andre Swift,receiving-yards,chi,draftkings,13.5,-115,fanatics,15.5,-120.0,2.0,5,49.51,50.49,-7.44,85.13,13.9,19.67,82.0,0.0405,-3.69,
Chris Olave,receiving-yards,nor,riverscasino,74.5,-115,draftkings,76.5,-111.0,2.0,6,50.42,49.58,-5.74,88.51,76.0,36.77,52.0,0.0217,-3.7,
Breece Hall,rushing-and-receiving-yards,nyj,hardrock,85.5,-115,riverscasino,88.5,-113.0,3.0,6,50.2,49.8,-6.14,87.72,86.83,46.1,54.0,0.026,-3.7,
Bo Nix,rushing-yards,den,riverscasino,14.5,-118,draftkings,16.5,-118.0,2.0,6,50.0,50.0,-7.63,84.75,15.5,19.0,32.0,0.042,-3.75,
Caleb Williams,passing-and-rushing-yards,chi,fanduel,249.5,-114,riverscasino,254.5,-115.0,5.0,4,49.9,50.1,-6.33,87.34,251.5,73.38,32.0,0.0272,-3.78,
Drake Maye,passing-and-rushing-yards,nwe,riverscasino,255.5,-117,fanduel,261.5,-114.0,6.0,4,50.3,49.7,-6.71,86.59,258.0,76.29,28.0,0.0314,-3.78,
Stefon Diggs,receiving-yards,was,draftkings,39.5,-115,riverscasino,42.5,-115.0,3.0,6,50.0,50.0,-6.52,86.96,41.5,41.43,154.0,0.0289,-3.82,
Juwan Johnson,receiving-yards,nor,fanatics,40.5,-125,riverscasino,43.5,-115.0,3.0,6,50.95,49.05,-8.29,83.41,42.17,24.59,76.0,0.0486,-3.83,
Trevor Lawrence,passing-and-rushing-yards,jax,riverscasino,254.5,-114,fanduel,258.5,-114.0,4.0,4,50.0,50.0,-6.14,87.72,256.0,65.5,71.0,0.0244,-3.85,
Quinshon Judkins,rushing-yards,cle,riverscasino,58.5,-118,draftkings,60.5,-111.0,2.0,5,50.71,49.29,-6.31,87.38,58.9,30.93,14.0,0.0258,-3.89,
Jayden Daniels,passing-and-rushing-yards,was,riverscasino,242.5,-115,fanduel,247.5,-114.0,5.0,4,50.1,49.9,-6.33,87.34,245.25,77.14,23.0,0.0259,-3.91,
Jordan Love,passing-yards,gnb,fanatics,235.5,-115,draftkings,240.5,-113.0,5.0,6,50.2,49.8,-6.14,87.72,238.5,84.06,52.0,0.0237,-3.91,
Terry McLaurin,receiving-yards,was,draftkings,50.5,-113,riverscasino,52.5,-115.0,2.0,6,49.8,50.2,-6.14,87.72,51.5,33.99,99.0,0.0235,-3.94,
Jalen Hurts,passing-and-rushing-yards,phi,draftkings,241.5,-112,fanduel,246.5,-114.0,5.0,4,49.79,50.21,-5.75,88.5,244.0,108.17,89.0,0.0184,-4.01,
Dontayvion Wicks,receiving-yards,phi,fanatics,25.5,-125,draftkings,28.5,-115.0,3.0,5,50.95,49.05,-8.29,83.41,27.1,25.7,43.0,0.0465,-4.02,
Lamar Jackson,passing-and-rushing-yards,bal,draftkings,258.5,-113,fanduel,263.5,-114.0,5.0,4,49.9,50.1,-5.95,88.11,260.25,98.34,113.0,0.0203,-4.04,
Jalen Hurts,rushing-yards,phi,fanatics,25.5,-135,caesars,28.5,-105.0,3.0,6,52.87,47.13,-7.98,84.05,27.33,28.13,89.0,0.0425,-4.07,
Kirk Cousins,passing-yards,lvr,fanatics,210.5,-120,draftkings,217.5,-113.0,7.0,6,50.69,49.31,-7.06,85.88,214.33,87.1,167.0,0.0321,-4.08,
Kyler Murray,passing-yards,min,fanatics,220.5,-110,draftkings,222.5,-113.0,2.0,6,49.68,50.32,-5.15,89.69,221.67,71.52,82.0,0.0112,-4.09,
Rashid Shaheed,rushing-yards,sea,draftkings,1.5,-123,fanatics,5.5,-210.0,4.0,5,44.88,55.12,-18.63,62.74,2.9,8.84,47.0,0.1786,-4.1,
Blake Corum,rushing-yards,,fanatics,35.5,-125,riverscasino,38.5,-113.0,3.0,6,51.15,48.85,-7.93,84.15,36.67,28.92,32.0,0.0414,-4.12,
J.K. Dobbins,rushing-and-receiving-yards,den,hardrock,55.5,-115,fanduel,57.5,-115.0,2.0,2,50.0,50.0,-6.52,86.96,57.5,32.2,44.0,0.0248,-4.21,
Christian McCaffrey,rushing-yards,sfo,riverscasino,57.5,-118,draftkings,60.5,-115.0,3.0,6,50.3,49.7,-7.08,85.84,59.5,39.36,109.0,0.0304,-4.26,
Cade Otton,receiving-yards,tam,draftkings,28.5,-116,riverscasino,30.5,-118.0,2.0,6,49.8,50.2,-7.26,85.47,29.17,24.96,59.0,0.032,-4.3,
Matthew Golden,receiving-yards,gnb,riverscasino,39.5,-117,draftkings,41.5,-115.0,2.0,5,50.2,49.8,-6.89,86.21,40.1,28.76,12.0,0.0277,-4.31,
Justin Jefferson,receiving-yards,min,fanatics,70.5,-125,draftkings,74.5,-110.0,4.0,6,51.47,48.53,-7.35,85.29,73.17,48.66,86.0,0.0328,-4.31,
Josh Allen,passing-yards,buf,riverscasino,218.5,-114,draftkings,221.5,-112.0,3.0,6,50.21,49.79,-5.75,88.5,220.5,80.05,121.0,0.0149,-4.34,
Jahmyr Gibbs,rushing-and-receiving-yards,det,fanduel,117.5,-114,draftkings,119.5,-113.0,2.0,5,50.1,49.9,-5.95,88.11,119.0,46.69,46.0,0.0171,-4.34,
Rhamondre Stevenson,receiving-yards,nwe,riverscasino,23.5,-117,fanatics,25.5,-120.0,2.0,6,49.71,50.29,-7.8,84.4,24.17,21.4,65.0,0.0373,-4.36,
Jonathan Taylor,rushing-and-receiving-yards,ind,fanatics,95.5,-125,fanduel,100.5,-114.0,5.0,5,51.05,48.95,-8.11,83.78,98.83,48.95,78.0,0.0407,-4.37,
Bryce Young,passing-yards,car,fanatics,205.5,-120,riverscasino,211.5,-114.0,6.0,6,50.59,49.41,-7.25,85.5,208.0,77.63,43.0,0.0308,-4.39,
Dalton Kincaid,receiving-yards,buf,fanatics,35.5,-125,caesars,38.5,-117.0,3.0,6,50.75,49.25,-8.65,82.69,37.67,25.65,39.0,0.0466,-4.39,
Mike Evans,receiving-yards,sfo,draftkings,49.5,-113,riverscasino,51.5,-115.0,2.0,6,49.8,50.2,-6.14,87.72,50.0,43.03,167.0,0.0185,-4.4,
Puka Nacua,receiving-yards,,riverscasino,90.5,-115,draftkings,92.5,-112.0,2.0,6,50.31,49.69,-5.94,88.11,90.83,50.05,42.0,0.0159,-4.44,
Jahmyr Gibbs,rushing-yards,det,fanatics,80.5,-125,draftkings,84.5,-114.0,4.0,6,51.05,48.95,-8.11,83.78,83.0,40.46,46.0,0.0394,-4.49,
Sam Darnold,passing-and-rushing-yards,sea,draftkings,235.5,-111,riverscasino,238.5,-115.0,3.0,3,49.58,50.42,-5.74,88.51,237.17,91.42,92.0,0.0131,-4.51,
Drake London,receiving-yards,atl,fanatics,60.5,-125,caesars,64.5,-115.0,4.0,6,50.95,49.05,-8.29,83.41,63.17,39.52,57.0,0.0404,-4.59,
Adonai Mitchell,receiving-yards,nyj,fanatics,30.5,-125,draftkings,32.5,-110.0,2.0,5,51.47,48.53,-7.35,85.29,31.9,26.92,31.0,0.0296,-4.6,
Tyquan Thornton,receiving-yards,kan,fanatics,15.5,-135,draftkings,18.5,-113.0,3.0,5,51.99,48.01,-9.5,81.0,17.5,22.08,40.0,0.0542,-4.6,
Rachaad White,rushing-and-receiving-yards,was,fanatics,40.5,-120,draftkings,42.5,-112.0,2.0,5,50.8,49.2,-6.87,86.26,41.9,33.11,62.0,0.0241,-4.63,
Dalton Schultz,receiving-yards,hou,fanatics,30.5,-135,riverscasino,34.5,-115.0,4.0,6,51.78,48.22,-9.86,80.29,32.83,27.6,116.0,0.0578,-4.65,
George Pickens,receiving-yards,dal,draftkings,67.5,-114,fanatics,70.5,-120.0,3.0,6,49.41,50.59,-7.25,85.5,69.17,42.96,60.0,0.0279,-4.67,
Jameson Williams,receiving-yards,det,fanatics,55.5,-125,riverscasino,59.5,-114.0,4.0,6,51.05,48.95,-8.11,83.78,58.0,43.13,46.0,0.037,-4.71,
Saquon Barkley,rushing-yards,phi,riverscasino,75.5,-115,draftkings,77.5,-114.0,2.0,6,50.1,49.9,-6.33,87.34,76.33,46.66,102.0,0.0171,-4.73,
Bucky Irving,rushing-and-receiving-yards,tam,riverscasino,74.5,-115,fanduel,76.5,-114.0,2.0,6,50.1,49.9,-6.33,87.34,75.17,46.6,25.0,0.0171,-4.73,
Jaxon Smith-Njigba,receiving-yards,sea,fanatics,80.5,-115,riverscasino,82.5,-115.0,2.0,6,50.0,50.0,-6.52,86.96,81.83,43.65,48.0,0.0183,-4.81,
Christian McCaffrey,rushing-and-receiving-yards,sfo,riverscasino,101.5,-113,fanatics,105.5,-125.0,4.0,6,48.85,51.15,-7.93,84.15,103.36,47.76,109.0,0.0334,-4.85,
Justice Hill,rushing-and-receiving-yards,bal,fanatics,20.5,-140,fanduel,24.5,-114.0,4.0,5,52.27,47.73,-10.4,79.2,23.33,25.81,80.0,0.0617,-4.87,
Daniel Jones,passing-yards,ind,fanatics,230.5,-120,draftkings,234.5,-112.0,4.0,6,50.8,49.2,-6.87,86.26,233.17,74.21,81.0,0.0215,-4.87,
Brock Purdy,passing-yards,sfo,draftkings,243.5,-111,fanatics,245.5,-115.0,2.0,6,49.58,50.42,-5.74,88.51,244.67,87.26,46.0,0.0091,-4.88,
Chris Rodriguez,rushing-yards,jax,fanatics,30.5,-140,draftkings,34.5,-113.0,4.0,6,52.37,47.63,-10.22,79.56,33.33,26.94,33.0,0.0592,-4.91,
Caleb Williams,passing-yards,chi,fanatics,225.5,-115,riverscasino,228.5,-115.0,3.0,6,50.0,50.0,-6.52,86.96,227.17,69.97,32.0,0.0171,-4.92,
Tre' Harris,receiving-yards,lac,fanatics,25.5,-125,riverscasino,27.5,-120.0,2.0,6,50.46,49.54,-9.17,81.65,26.5,17.1,15.0,0.0466,-4.94,
Jacory Croskey-Merritt,rushing-yards,was,riverscasino,40.5,-117,caesars,42.5,-117.0,2.0,6,50.0,50.0,-7.26,85.47,41.0,32.08,16.0,0.0249,-4.95,
Hunter Henry,receiving-yards,nwe,fanatics,30.5,-135,caesars,34.5,-117.0,4.0,6,51.58,48.42,-10.2,79.59,33.5,27.42,130.0,0.0581,-4.98,
Jayden Reed,receiving-yards,gnb,riverscasino,38.5,-118,draftkings,40.5,-115.0,2.0,6,50.3,49.7,-7.08,85.84,39.67,35.4,36.0,0.0225,-4.99,
Jaxson Dart,passing-and-rushing-yards,nyg,draftkings,247.5,-114,riverscasino,251.5,-115.0,4.0,3,49.9,50.1,-6.33,87.34,249.17,112.35,13.0,0.0142,-5.0,
Ja'Marr Chase,receiving-yards,cin,fanatics,85.5,-120,draftkings,87.5,-110.0,2.0,6,51.01,48.99,-6.48,87.04,86.5,50.7,72.0,0.0157,-5.01,
James Cook,rushing-yards,buf,fanatics,70.5,-125,riverscasino,74.5,-115.0,4.0,6,50.95,49.05,-8.29,83.41,73.67,45.13,62.0,0.0353,-5.05,
Parker Washington,receiving-yards,jax,fanatics,50.5,-125,draftkings,53.5,-114.0,3.0,6,51.05,48.95,-8.11,83.78,52.33,36.08,39.0,0.0332,-5.06,
Harold Fannin,receiving-yards,cle,draftkings,33.5,-115,sleeper,36.5,-132.0,3.0,4,48.46,51.54,-9.41,81.18,35.5,24.98,16.0,0.0479,-5.07,
Breece Hall,receiving-yards,nyj,fanatics,15.5,-140,riverscasino,19.5,-114.0,4.0,6,52.27,47.73,-10.4,79.2,18.0,26.88,54.0,0.0593,-5.09,
Rico Dowdle,rushing-yards,pit,draftkings,49.5,-114,riverscasino,51.5,-117.0,2.0,6,49.7,50.3,-6.71,86.59,50.33,46.07,65.0,0.0173,-5.09,
Tua Tagovailoa,passing-yards,atl,draftkings,208.5,-112,fanatics,210.5,-115.0,2.0,6,49.69,50.31,-5.94,88.11,209.17,87.82,74.0,0.0091,-5.09,
Braelon Allen,rushing-yards,nyj,fanatics,15.5,-150,draftkings,18.5,-117.0,3.0,5,52.67,47.33,-12.22,75.57,17.5,14.74,20.0,0.081,-5.11,
Trey McBride,receiving-yards,ari,riverscasino,56.5,-118,fanatics,60.5,-125.0,4.0,6,49.35,50.65,-8.83,82.34,58.17,39.83,61.0,0.04,-5.18,
Dallas Goedert,receiving-yards,phi,draftkings,33.5,-111,fanatics,35.5,-125.0,2.0,6,48.64,51.36,-7.55,84.91,34.5,31.51,103.0,0.0253,-5.21,
Darnell Washington,receiving-yards,pit,fanatics,15.5,-140,draftkings,17.5,-109.0,2.0,6,52.8,47.2,-9.49,81.02,16.67,16.91,48.0,0.0471,-5.22,
Bijan Robinson,receiving-yards,atl,fanatics,35.5,-125,caesars,37.5,-114.0,2.0,6,51.05,48.95,-8.11,83.78,36.83,25.41,48.0,0.0314,-5.23,
De'Von Achane,rushing-and-receiving-yards,mia,fanduel,99.5,-113,sleeper,104.5,-130.0,5.0,6,48.42,51.58,-8.74,82.53,103.36,53.23,42.0,0.0374,-5.32,
D'Andre Swift,rushing-yards,chi,draftkings,68.5,-114,fanatics,70.5,-120.0,2.0,5,49.41,50.59,-7.25,85.5,69.3,38.62,82.0,0.0207,-5.33,
Romeo Doubs,receiving-yards,nwe,draftkings,35.5,-111,sleeper,37.5,-130.0,2.0,6,48.21,51.79,-8.36,83.27,36.17,24.08,55.0,0.0331,-5.33,
Sam Darnold,passing-yards,sea,draftkings,226.5,-113,fanatics,230.5,-120.0,4.0,6,49.31,50.69,-7.06,85.88,228.33,88.64,92.0,0.018,-5.39,
Ryan Flournoy,receiving-yards,dal,sleeper,21.5,-125,fanatics,25.5,-125.0,4.0,2,50.0,50.0,-10.0,80.0,23.5,31.36,25.0,0.0509,-5.42,
Jordan Love,passing-and-rushing-yards,gnb,fanduel,251.5,-114,riverscasino,254.5,-117.0,3.0,4,49.7,50.3,-6.71,86.59,253.0,87.07,52.0,0.0137,-5.43,
Christian McCaffrey,receiving-yards,sfo,fanatics,35.5,-135,riverscasino,38.5,-113.0,3.0,6,51.99,48.01,-9.5,81.0,37.83,27.01,109.0,0.0443,-5.49,
Calvin Ridley,receiving-yards,ten,fanatics,25.5,-120,riverscasino,27.5,-115.0,2.0,6,50.49,49.51,-7.44,85.13,26.67,39.27,87.0,0.0203,-5.56,
De'Von Achane,rushing-yards,mia,fanatics,65.5,-125,riverscasino,68.5,-113.0,3.0,6,51.15,48.85,-7.93,84.15,67.33,47.15,42.0,0.0254,-5.59,
T.J. Hockenson,receiving-yards,min,fanatics,25.5,-125,draftkings,27.5,-113.0,2.0,6,51.15,48.85,-7.93,84.15,27.0,32.31,93.0,0.0247,-5.66,
Alec Pierce,receiving-yards,ind,fanatics,45.5,-125,draftkings,47.5,-112.0,2.0,5,51.26,48.74,-7.74,84.53,46.5,35.87,59.0,0.0222,-5.69,
Jonathan Taylor,rushing-yards,ind,fanatics,75.5,-125,riverscasino,78.5,-114.0,3.0,6,51.05,48.95,-8.11,83.78,77.0,46.37,78.0,0.0258,-5.74,
Kyren Williams,rushing-yards,,sleeper,55.5,-128,riverscasino,58.5,-115.0,3.0,6,51.21,48.79,-8.78,82.43,56.33,36.12,52.0,0.0331,-5.76,
Malik Nabers,receiving-yards,nyg,riverscasino,58.5,-115,caesars,60.5,-121.0,2.0,6,49.42,50.58,-7.61,84.78,60.0,42.76,18.0,0.0187,-5.89,
Noah Gray,receiving-yards,kan,caesars,8.5,-118,fanatics,10.5,-135.0,2.0,4,48.51,51.49,-10.37,79.25,9.25,16.13,76.0,0.0494,-5.94,
Geno Smith,passing-yards,nyj,sleeper,205.5,-128,fanduel,212.5,-114.0,7.0,6,51.31,48.69,-8.6,82.8,207.83,96.81,105.0,0.0288,-5.96,
Travis Kelce,receiving-yards,kan,fanatics,40.5,-120,riverscasino,42.5,-118.0,2.0,6,50.19,49.81,-7.98,84.04,41.5,36.45,185.0,0.0219,-5.97,
Josh Allen,passing-and-rushing-yards,buf,riverscasino,252.5,-114,sleeper,259.5,-130.0,7.0,4,48.52,51.48,-8.92,82.16,256.5,86.35,121.0,0.0323,-5.98,
Chig Okonkwo,receiving-yards,was,fanatics,25.5,-135,draftkings,27.5,-113.0,2.0,5,51.99,48.01,-9.5,81.0,26.3,20.95,64.0,0.0381,-6.05,
Josh Jacobs,rushing-yards,gnb,fanatics,50.5,-125,fanduel,52.5,-114.0,2.0,2,51.05,48.95,-8.11,83.78,51.5,36.32,98.0,0.022,-6.09,
Colston Loveland,receiving-yards,chi,draftkings,49.5,-114,sleeper,51.5,-127.0,2.0,5,48.77,51.23,-8.44,83.12,50.3,31.32,15.0,0.0255,-6.11,
D'Andre Swift,rushing-and-receiving-yards,chi,fanatics,85.5,-125,draftkings,87.5,-113.0,2.0,5,51.15,48.85,-7.93,84.15,87.67,40.77,82.0,0.0196,-6.13,
Michael Mayer,receiving-yards,lvr,fanatics,15.5,-135,caesars,17.5,-113.0,2.0,4,51.99,48.01,-9.5,81.0,16.75,22.22,36.0,0.0359,-6.25,
Jordan Mason,rushing-yards,min,draftkings,43.5,-115,fanatics,45.5,-125.0,2.0,6,49.05,50.95,-8.29,83.41,44.0,36.24,57.0,0.022,-6.27,
Terrance Ferguson,receiving-yards,,riverscasino,23.5,-117,sleeper,25.5,-132.0,2.0,5,48.66,51.34,-9.76,80.48,24.5,20.7,14.0,0.0385,-6.28,
Andrei Iosivas,receiving-yards,cin,sleeper,8.5,-133,fanatics,10.5,-115.0,2.0,2,51.62,48.38,-9.56,80.88,9.5,22.13,47.0,0.036,-6.3,
Tony Pollard,receiving-yards,ten,draftkings,8.5,-113,fanatics,10.5,-140.0,2.0,6,47.63,52.37,-10.22,79.56,8.83,18.35,106.0,0.0434,-6.32,
Kyle Pitts,receiving-yards,atl,fanatics,40.5,-135,fanduel,43.5,-114.0,3.0,6,51.89,48.11,-9.68,80.64,42.0,33.02,73.0,0.0362,-6.41,
TreVeyon Henderson,rushing-and-receiving-yards,nwe,draftkings,29.5,-114,sleeper,32.5,-130.0,3.0,5,48.52,51.48,-8.92,82.16,32.67,43.89,16.0,0.0272,-6.44,
Lamar Jackson,passing-yards,bal,fanatics,215.5,-115,sleeper,220.5,-127.0,5.0,6,48.88,51.12,-8.62,82.76,219.0,84.93,113.0,0.0235,-6.47,
Rashod Bateman,receiving-yards,bal,sleeper,24.5,-130,draftkings,26.5,-115.0,2.0,5,51.38,48.62,-9.1,81.8,25.5,28.11,59.0,0.0284,-6.52,
Drake Maye,rushing-yards,nwe,riverscasino,23.5,-117,fanatics,25.5,-135.0,2.0,6,48.42,51.58,-10.2,79.59,24.5,19.9,28.0,0.0401,-6.6,
Derrick Henry,rushing-yards,bal,riverscasino,77.5,-113,caesars,80.5,-130.0,3.0,6,48.42,51.58,-8.74,82.53,79.67,52.07,146.0,0.023,-6.64,
Sam LaPorta,receiving-yards,det,sleeper,40.5,-132,draftkings,42.5,-114.0,2.0,6,51.65,48.35,-9.23,81.54,41.5,28.11,40.0,0.0284,-6.65,
Malik Willis,passing-and-rushing-yards,mia,sleeper,220.5,-128,fanduel,224.5,-114.0,4.0,3,51.31,48.69,-8.6,82.8,222.83,75.95,20.0,0.021,-6.68,
George Kittle,receiving-yards,sfo,draftkings,37.5,-113,sleeper,39.5,-128.0,2.0,4,48.59,51.41,-8.42,83.16,38.75,42.21,117.0,0.0189,-6.69,
Derrick Henry,receiving-yards,bal,draftkings,6.5,-107,fanatics,10.5,-195.0,4.0,5,43.88,56.12,-15.1,69.79,7.3,16.26,146.0,0.0976,-6.81,
James Cook,receiving-yards,buf,draftkings,13.5,-115,fanatics,15.5,-140.0,2.0,5,47.83,52.17,-10.57,78.86,14.3,19.16,62.0,0.0416,-6.85,
Justice Hill,rushing-yards,bal,caesars,7.5,-118,fanatics,10.5,-155.0,3.0,5,47.1,52.9,-12.98,74.05,9.1,17.2,80.0,0.0695,-6.93,
Tyjae Spears,receiving-yards,ten,riverscasino,18.5,-117,fanatics,20.5,-135.0,2.0,6,48.42,51.58,-10.2,79.59,19.17,22.19,40.0,0.0359,-6.97,
Cole Kmet,receiving-yards,chi,draftkings,13.5,-115,fanatics,15.5,-135.0,2.0,5,48.22,51.78,-9.86,80.29,14.3,25.19,92.0,0.0317,-7.01,
Joe Burrow,passing-and-rushing-yards,cin,draftkings,274.5,-112,sleeper,277.5,-128.0,3.0,3,48.48,51.52,-8.23,83.54,276.17,90.07,73.0,0.0133,-7.01,
Jauan Jennings,receiving-yards,min,fanatics,20.5,-125,caesars,23.5,-128.0,3.0,6,49.74,50.26,-10.47,79.06,22.67,31.13,69.0,0.0384,-7.03,
Jaylen Warren,rushing-yards,pit,sleeper,39.5,-130,riverscasino,41.5,-117.0,2.0,6,51.18,48.82,-9.45,81.1,40.67,31.53,59.0,0.0253,-7.16,
DeMario Douglas,receiving-yards,nwe,draftkings,18.5,-116,fanatics,20.5,-135.0,2.0,6,48.32,51.68,-10.03,79.94,19.0,25.93,45.0,0.0308,-7.26,
Geno Smith,passing-and-rushing-yards,nyj,sleeper,214.5,-128,riverscasino,218.5,-115.0,4.0,3,51.21,48.79,-8.78,82.43,216.5,102.41,105.0,0.0156,-7.36,
Javonte Williams,rushing-and-receiving-yards,dal,riverscasino,85.5,-118,sleeper,87.5,-130.0,2.0,6,48.92,51.08,-9.63,80.75,86.93,35.64,66.0,0.0224,-7.61,
Kyler Murray,passing-and-rushing-yards,min,riverscasino,247.5,-114,sleeper,249.5,-128.0,2.0,4,48.69,51.31,-8.6,82.8,248.5,73.88,82.0,0.0108,-7.61,
C.J. Stroud,passing-and-rushing-yards,hou,sleeper,231.5,-128,draftkings,233.5,-114.0,2.0,3,51.31,48.69,-8.6,82.8,232.17,79.39,42.0,0.01,-7.68,
Deebo Samuel,receiving-yards,sfo,riverscasino,28.5,-115,sleeper,30.5,-132.0,2.0,5,48.46,51.54,-9.41,81.18,29.5,42.09,92.0,0.019,-7.69,
A.J. Brown,receiving-yards,nwe,sleeper,59.5,-132,riverscasino,61.5,-115.0,2.0,6,51.54,48.46,-9.41,81.18,60.5,44.65,99.0,0.0179,-7.79,
Dak Prescott,rushing-yards,dal,fanatics,5.5,-165,draftkings,7.5,-110.0,2.0,6,54.31,45.69,-12.77,74.45,7.17,14.42,133.0,0.0552,-7.95,
Kyler Murray,rushing-yards,min,fanatics,20.5,-140,draftkings,22.5,-116.0,2.0,6,52.07,47.93,-10.74,78.51,22.0,25.59,82.0,0.0312,-7.96,
Brian Thomas,receiving-yards,jax,fanatics,35.5,-120,sleeper,37.5,-132.0,2.0,5,48.95,51.05,-10.27,79.47,36.5,32.6,29.0,0.0245,-8.07,
David Montgomery,receiving-yards,hou,riverscasino,7.5,-121,fanatics,10.5,-170.0,3.0,6,46.51,53.49,-15.05,69.9,8.33,15.0,98.0,0.0796,-8.29,
Rachaad White,rushing-yards,was,sleeper,22.5,-132,fanatics,25.5,-135.0,3.0,5,49.76,50.24,-12.54,74.91,23.9,26.04,62.0,0.0459,-8.52,
Malik Davis,rushing-yards,dal,fanatics,10.5,-140,sleeper,12.5,-122.0,2.0,2,51.49,48.51,-11.73,76.54,11.5,23.7,24.0,0.0337,-8.76,
Bryce Young,rushing-yards,car,sleeper,13.5,-133,fanatics,15.5,-140.0,2.0,6,49.46,50.54,-13.36,73.29,14.33,15.08,43.0,0.0529,-8.78,
Darius Slayton,receiving-yards,nyg,fanatics,10.5,-140,sleeper,13.5,-128.0,3.0,2,50.96,49.04,-12.64,74.71,12.0,33.86,99.0,0.0353,-9.55,
Kenneth Walker,rushing-and-receiving-yards,kan,fanduel,79.5,-114,draftkings,83.5,-114.0,4.0,6,50.0,50.0,-6.14,87.72,,,,,,"insufficient history (0 games, need 6+)"
Kenneth Walker,rushing-yards,kan,fanduel,59.5,-114,draftkings,63.5,-112.0,4.0,6,50.21,49.79,-5.75,88.5,,,,,,"insufficient history (0 games, need 6+)"
KC Concepcion,receiving-yards,cle,fanatics,30.5,-135,draftkings,33.5,-110.0,3.0,5,52.31,47.69,-8.95,82.1,,,,,,"insufficient history (0 games, need 6+)"
Odell Beckham,receiving-yards,nyg,draftkings,7.5,-116,fanatics,10.5,-150.0,3.0,6,47.23,52.77,-12.05,75.9,,,,,,"insufficient history (0 games, need 6+)"
Denzel Boston,longest-reception,cle,hardrock,12.5,-115,fanduel,15.5,-122.0,3.0,2,49.32,50.68,-7.79,84.43,,,,,,no stat_field mapping for category 'longest-reception'
Caleb Douglas,receiving-yards,mia,fanduel,25.5,-114,draftkings,28.5,-112.0,3.0,3,50.21,49.79,-5.75,88.5,,,,,,"insufficient history (0 games, need 6+)"
Christian Watson,longest-reception,gnb,hardrock,19.5,-115,fanduel,22.5,-110.0,3.0,2,50.52,49.48,-5.54,88.91,,,,,,no stat_field mapping for category 'longest-reception'
D.J. Moore,receiving-yards,buf,draftkings,45.5,-111,riverscasino,48.5,-115.0,3.0,6,49.58,50.42,-5.74,88.51,,,,,,"insufficient history (0 games, need 6+)"
Michael Pittman,receiving-yards,pit,fanduel,38.5,-114,draftkings,41.5,-114.0,3.0,6,50.0,50.0,-6.14,87.72,,,,,,"insufficient history (0 games, need 6+)"
Mike Gesicki,longest-reception,cin,hardrock,10.5,-115,fanduel,13.5,-112.0,3.0,2,50.31,49.69,-5.94,88.11,,,,,,no stat_field mapping for category 'longest-reception'
Jayden Reed,longest-reception,gnb,hardrock,15.5,-110,fanduel,18.5,-114.0,3.0,2,49.58,50.42,-5.35,89.3,,,,,,no stat_field mapping for category 'longest-reception'
Dalton Kincaid,longest-reception,buf,hardrock,16.5,-120,fanduel,18.5,-125.0,2.0,2,49.54,50.46,-9.17,81.65,,,,,,no stat_field mapping for category 'longest-reception'
Jadarian Price,rushing-yards,sea,fanduel,51.5,-114,riverscasino,53.5,-118.0,2.0,5,49.6,50.4,-6.89,86.22,,,,,,"insufficient history (0 games, need 6+)"
Jadarian Price,rushing-and-receiving-yards,sea,riverscasino,63.5,-117,draftkings,65.5,-116.0,2.0,4,50.1,49.9,-7.08,85.84,,,,,,"insufficient history (0 games, need 6+)"
Tucker Kraft,longest-reception,gnb,hardrock,17.5,-115,fanduel,19.5,-118.0,2.0,2,49.7,50.3,-7.08,85.84,,,,,,no stat_field mapping for category 'longest-reception'
Alec Pierce,longest-reception,ind,fanduel,21.5,-114,hardrock,23.5,-115.0,2.0,2,49.9,50.1,-6.33,87.34,,,,,,no stat_field mapping for category 'longest-reception'
D.J. Moore,longest-reception,buf,hardrock,19.5,-120,fanduel,21.5,-114.0,2.0,2,50.59,49.41,-7.25,85.5,,,,,,no stat_field mapping for category 'longest-reception'
Devaughn Vele,longest-reception,nor,hardrock,16.5,-120,fanduel,18.5,-114.0,2.0,2,50.59,49.41,-7.25,85.5,,,,,,no stat_field mapping for category 'longest-reception'
Denzel Boston,receiving-yards,cle,draftkings,23.5,-111,fanduel,25.5,-114.0,2.0,5,49.69,50.31,-5.55,88.9,,,,,,"insufficient history (0 games, need 6+)"
Chase Brown,longest-reception,cin,hardrock,9.5,-120,fanduel,11.5,-110.0,2.0,2,51.01,48.99,-6.48,87.04,,,,,,no stat_field mapping for category 'longest-reception'
Calvin Ridley,longest-reception,ten,hardrock,14.5,-115,fanduel,16.5,-108.0,2.0,2,50.74,49.26,-5.13,89.73,,,,,,no stat_field mapping for category 'longest-reception'
Marvin Harrison,receiving-yards,ari,draftkings,48.5,-110,fanatics,50.5,-120.0,2.0,5,48.99,51.01,-6.48,87.04,,,,,,"insufficient history (0 games, need 6+)"
Jordan Addison,longest-reception,min,hardrock,18.5,-115,fanduel,20.5,-125.0,2.0,2,49.05,50.95,-8.29,83.41,,,,,,no stat_field mapping for category 'longest-reception'
Kayshon Boutte,longest-reception,hou,hardrock,13.5,-120,fanduel,15.5,-122.0,2.0,2,49.81,50.19,-8.68,82.65,,,,,,no stat_field mapping for category 'longest-reception'
Mike Evans,longest-reception,sfo,draftkings,19.5,-122,fanduel,21.5,-122.0,2.0,3,50.0,50.0,-9.02,81.97,,,,,,no stat_field mapping for category 'longest-reception'
Travis Kelce,longest-reception,kan,hardrock,16.5,-120,fanduel,18.5,-122.0,2.0,2,49.81,50.19,-8.68,82.65,,,,,,no stat_field mapping for category 'longest-reception'
