player_name,category,team,low_book,low_line,low_over_odds,high_book,high_line,high_under_odds,middle_width,books_compared,stake_over,stake_under,loss_if_miss,profit_if_middle_hits,p_middle_hits,expected_value,note,market_mean,historical_std,historical_games
Jeremiyah Love,rushing-yards,ari,bet365,34.5,-110,prizepicks,57.5,-137.0,23.0,4,47.54,52.46,-9.25,81.51,,,"insufficient history (0 games, need 6+)",,,
Malik Willis,passing-yards,mia,underdog,168.5,-137,fanduel,184.5,-114.0,16.0,8,52.04,47.96,-9.97,80.06,0.1133,0.23,,174.0,56.09,20.0
Rhamondre Stevenson,rushing-and-receiving-yards,nwe,caesars,58.5,-117,underdog,73.5,-137.0,15.0,9,48.26,51.74,-10.49,79.01,0.1525,3.16,,68.94,38.89,65.0
Baker Mayfield,passing-yards,tam,bet365,229.5,-110,caesars,243.5,-115.0,14.0,9,49.48,50.52,-5.54,88.91,0.0774,1.77,,235.5,72.04,116.0
Christian McCaffrey,rushing-and-receiving-yards,sfo,caesars,91.5,-117,draftkings,103.5,-114.0,12.0,10,50.3,49.7,-6.71,86.59,0.0998,2.6,,100.4,47.76,109.0
Jared Goff,passing-yards,det,fanatics,255.5,-110,bet365,266.5,-110.0,11.0,9,50.0,50.0,-4.55,90.91,0.0556,0.76,,262.28,78.82,144.0
Jayden Daniels,passing-yards,was,fanatics,195.5,-120,prizepicks,206.5,-137.0,11.0,9,48.55,51.45,-10.99,78.01,0.0667,-5.05,,202.06,65.66,23.0
Kirk Cousins,passing-yards,lvr,fanatics,205.5,-120,fanduel,215.5,-114.0,10.0,8,50.59,49.41,-7.25,85.5,0.0458,-3.0,,211.0,87.1,167.0
Baker Mayfield,passing-and-rushing-yards,tam,bet365,249.5,-115,riverscasino,259.5,-114.0,10.0,7,50.1,49.9,-6.33,87.34,0.0548,-1.19,,251.79,72.64,116.0
Bryce Young,passing-and-rushing-yards,car,fanduel,223.5,-114,bet365,233.5,-115.0,10.0,6,49.9,50.1,-6.33,87.34,0.0515,-1.5,,230.5,77.32,43.0
Caleb Williams,passing-yards,chi,fanatics,225.5,-115,underdog,235.5,-137.0,10.0,9,48.06,51.94,-10.15,79.7,0.057,-5.03,,229.83,69.97,32.0
Bo Nix,passing-yards,den,bet365,218.5,-110,caesars,228.5,-114.0,10.0,9,49.58,50.42,-5.35,89.3,0.0597,0.3,,225.61,66.78,32.0
Bryce Young,passing-yards,car,fanatics,205.5,-120,bet365,214.5,-110.0,9.0,8,51.01,48.99,-6.48,87.04,0.0462,-2.16,,210.88,77.63,43.0
Geno Smith,passing-yards,nyj,sleeper,203.5,-130,fanduel,212.5,-114.0,9.0,8,51.48,48.52,-8.92,82.16,0.0371,-5.54,,206.0,96.81,105.0
Josh Allen,passing-and-rushing-yards,buf,bet365,247.5,-115,fanduel,256.5,-114.0,9.0,6,50.1,49.9,-6.33,87.34,0.0416,-2.44,,250.5,86.35,121.0
Jalen Hurts,passing-and-rushing-yards,phi,riverscasino,241.5,-115,prizepicks,250.5,-137.0,9.0,6,48.06,51.94,-10.15,79.7,0.0332,-7.17,,246.33,108.17,89.0
Zay Flowers,receiving-yards,bal,fanatics,60.5,-125,riverscasino,69.5,-114.0,9.0,9,51.05,48.95,-8.11,83.78,0.102,1.27,,64.94,35.09,47.0
KC Concepcion,rushing-and-receiving-yards,cle,underdog,26.5,-137,bet365,35.5,-115.0,9.0,2,51.94,48.06,-10.15,79.7,,,"insufficient history (0 games, need 6+)",,,
Greg Dulcich,receiving-yards,mia,underdog,16.5,-137,bet365,25.5,-110.0,9.0,5,52.46,47.54,-9.25,81.51,0.1422,3.65,,23.5,25.0,29.0
Caleb Williams,passing-and-rushing-yards,chi,fanduel,249.5,-114,bet365,257.5,-115.0,8.0,6,49.9,50.1,-6.33,87.34,0.0435,-2.26,,254.5,73.38,32.0
Geno Smith,passing-and-rushing-yards,nyj,prizepicks,210.5,-137,riverscasino,218.5,-115.0,8.0,4,51.94,48.06,-10.15,79.7,0.0312,-7.35,,213.5,102.41,105.0
Drake Maye,passing-yards,nwe,riverscasino,224.5,-115,fanduel,232.5,-114.0,8.0,9,50.1,49.9,-6.33,87.34,0.0414,-2.45,,226.39,76.99,28.0
Kyren Williams,rushing-and-receiving-yards,,caesars,65.5,-115,prizepicks,73.5,-137.0,8.0,9,48.06,51.94,-10.15,79.7,0.0812,-2.85,,70.83,39.22,52.0
Patrick Mahomes,passing-and-rushing-yards,kan,riverscasino,243.5,-117,underdog,251.5,-137.0,8.0,5,48.26,51.74,-10.49,79.01,0.0425,-6.68,,249.7,75.0,122.0
Lamar Jackson,passing-yards,bal,fanatics,215.5,-120,prizepicks,223.5,-137.0,8.0,9,48.55,51.45,-10.99,78.01,0.0376,-7.65,,219.83,84.93,113.0
Josh Allen,passing-yards,buf,bet365,215.5,-110,underdog,223.5,-137.0,8.0,9,47.54,52.46,-9.25,81.51,0.0399,-5.63,,220.39,80.05,121.0
Jayden Daniels,passing-and-rushing-yards,was,riverscasino,242.5,-115,prizepicks,250.5,-137.0,8.0,6,48.06,51.94,-10.15,79.7,0.0414,-6.43,,246.5,77.14,23.0
Drake Maye,passing-and-rushing-yards,nwe,riverscasino,253.5,-114,fanduel,261.5,-114.0,8.0,6,50.0,50.0,-6.14,87.72,0.0418,-2.22,,255.17,76.29,28.0
Kalif Raymond,receiving-yards,chi,sleeper,12.5,-125,bet365,19.5,-110.0,7.0,5,51.47,48.53,-7.35,85.29,0.1095,2.79,,17.3,25.39,104.0
Isaiah Likely,receiving-yards,nyg,prizepicks,33.5,-137,fanatics,40.5,-120.0,7.0,5,51.45,48.55,-10.99,78.01,0.1039,-1.74,,36.7,26.79,57.0
Dak Prescott,passing-yards,dal,bet365,254.5,-110,draftkings,261.5,-113.0,7.0,9,49.68,50.32,-5.15,89.69,0.0347,-1.86,,259.06,80.54,133.0
C.J. Stroud,passing-yards,hou,fanatics,215.5,-115,caesars,222.5,-114.0,7.0,9,50.1,49.9,-6.33,87.34,0.0356,-2.99,,219.94,78.3,42.0
Daniel Jones,passing-yards,ind,bet365,226.5,-110,fanduel,233.5,-114.0,7.0,9,49.58,50.42,-5.35,89.3,0.0376,-1.79,,230.83,74.21,81.0
Aaron Rodgers,passing-yards,pit,fanatics,210.5,-115,riverscasino,217.5,-114.0,7.0,8,50.1,49.9,-6.33,87.34,0.0354,-3.02,,213.62,78.91,215.0
Rico Dowdle,rushing-and-receiving-yards,pit,fanatics,60.5,-125,draftkings,67.5,-115.0,7.0,8,50.95,49.05,-8.29,83.41,0.0523,-3.5,,65.12,53.38,65.0
Trevor Lawrence,passing-yards,jax,bet365,231.5,-110,fanduel,238.5,-114.0,7.0,9,49.58,50.42,-5.35,89.3,0.0433,-1.26,,234.17,64.52,71.0
Patrick Mahomes,passing-yards,kan,sleeper,225.5,-128,bet365,232.5,-110.0,7.0,9,51.73,48.27,-7.85,84.3,0.0373,-4.42,,227.39,74.91,122.0
Travis Etienne,rushing-yards,nor,fanatics,50.5,-120,fanduel,56.5,-114.0,6.0,9,50.59,49.41,-7.25,85.5,0.0714,-0.63,,54.39,33.47,61.0
De'Von Achane,rushing-yards,mia,bet365,64.5,-110,underdog,70.5,-137.0,6.0,8,47.54,52.46,-9.25,81.51,0.0507,-4.65,,68.5,47.15,42.0
Deshaun Watson,passing-yards,cle,riverscasino,172.5,-117,underdog,178.5,-137.0,6.0,9,48.26,51.74,-10.49,79.01,0.0287,-7.92,,176.61,83.35,70.0
Matthew Stafford,passing-yards,,bet365,260.5,-110,prizepicks,266.5,-137.0,6.0,9,47.54,52.46,-9.25,81.51,0.034,-6.16,,264.83,70.36,222.0
Omarion Hampton,rushing-yards,lac,caesars,61.5,-113,underdog,67.5,-137.0,6.0,8,47.86,52.14,-9.79,80.41,0.0761,-2.92,,65.0,31.4,8.0
Kyler Murray,passing-and-rushing-yards,min,fanduel,246.5,-114,bet365,252.5,-115.0,6.0,6,49.9,50.1,-6.33,87.34,0.0324,-3.3,,249.33,73.88,82.0
Lamar Jackson,passing-and-rushing-yards,bal,bet365,255.5,-115,riverscasino,261.5,-115.0,6.0,6,50.0,50.0,-6.52,86.96,0.0243,-4.24,,258.67,98.34,113.0
David Montgomery,rushing-and-receiving-yards,hou,riverscasino,63.5,-118,bet365,69.5,-115.0,6.0,7,50.3,49.7,-7.08,85.84,0.0696,-0.61,,65.5,34.33,98.0
Chase Brown,rushing-yards,cin,fanatics,55.5,-125,underdog,61.5,-137.0,6.0,9,49.01,50.99,-11.79,76.43,0.0691,-5.69,,58.94,34.57,43.0
Joe Burrow,passing-yards,cin,fanatics,265.5,-115,riverscasino,271.5,-114.0,6.0,9,50.1,49.9,-6.33,87.34,0.0272,-3.78,,268.61,87.94,73.0
Jaylen Warren,rushing-and-receiving-yards,pit,fanatics,55.5,-130,draftkings,61.5,-115.0,6.0,8,51.38,48.62,-9.1,81.8,0.0653,-3.17,,57.88,36.63,59.0
KC Concepcion,receiving-yards,cle,caesars,29.5,-115,fanatics,35.5,-125.0,6.0,8,49.05,50.95,-8.29,83.41,,,"insufficient history (0 games, need 6+)",,,
Drake London,receiving-yards,atl,draftkings,59.5,-113,underdog,65.5,-137.0,6.0,8,47.86,52.14,-9.79,80.41,0.0605,-4.33,,63.12,39.52,57.0
Jaylen Warren,rushing-yards,pit,bet365,35.5,-110,draftkings,41.5,-110.0,6.0,8,50.0,50.0,-4.55,90.91,0.0758,2.68,,38.12,31.53,59.0
De'Von Achane,rushing-and-receiving-yards,mia,fanatics,100.5,-120,draftkings,106.5,-111.0,6.0,9,50.9,49.1,-6.67,86.65,0.0449,-2.48,,103.06,53.23,42.0
David Montgomery,rushing-yards,hou,fanatics,50.5,-125,underdog,56.5,-137.0,6.0,9,49.01,50.99,-11.79,76.43,0.074,-5.26,,54.06,32.31,98.0
Jaxson Dart,passing-yards,nyg,draftkings,213.5,-112,prizepicks,219.5,-137.0,6.0,8,47.75,52.25,-9.61,80.77,0.0254,-7.31,,215.88,94.23,13.0
Khalil Shakir,receiving-yards,buf,bet365,33.5,-110,riverscasino,39.5,-114.0,6.0,9,49.58,50.42,-5.35,89.3,0.0738,1.64,,36.94,32.37,60.0
Christian Watson,longest-reception,gnb,hardrock,19.5,-115,bet365,24.5,-115.0,5.0,5,50.0,50.0,-6.52,86.96,,,no stat_field mapping for category 'longest-reception',,,
DK Metcalf,receiving-yards,pit,bet365,45.5,-110,prizepicks,50.5,-137.0,5.0,8,47.54,52.46,-9.25,81.51,0.0562,-4.15,,47.25,35.44,105.0
Bucky Irving,rushing-and-receiving-yards,tam,riverscasino,71.5,-113,draftkings,76.5,-114.0,5.0,8,49.9,50.1,-5.95,88.11,0.0428,-1.93,,74.0,46.6,25.0
Bijan Robinson,rushing-yards,atl,draftkings,73.5,-111,fanduel,78.5,-114.0,5.0,8,49.69,50.31,-5.55,88.9,0.0498,-0.84,,76.12,40.01,48.0
Amon-Ra St. Brown,receiving-yards,det,bet365,75.5,-135,riverscasino,80.5,-113.0,5.0,9,51.99,48.01,-9.5,81.0,0.0487,-5.09,,78.06,40.91,76.0
Cam Ward,passing-yards,ten,fanduel,201.5,-114,draftkings,206.5,-112.0,5.0,7,50.21,49.79,-5.75,88.5,0.0349,-2.46,,204.93,57.06,16.0
Dalton Schultz,receiving-yards,hou,fanatics,30.5,-135,caesars,35.5,-113.0,5.0,9,51.99,48.01,-9.5,81.0,0.0722,-2.97,,33.06,27.6,116.0
James Cook,rushing-yards,buf,bet365,70.5,-110,draftkings,75.5,-112.0,5.0,9,49.79,50.21,-4.95,90.09,0.0442,-0.75,,73.83,45.13,62.0
James Cook,receiving-yards,buf,fanatics,10.5,-150,underdog,15.5,-137.0,5.0,5,50.93,49.07,-15.11,69.77,0.1038,-6.3,,13.5,19.16,62.0
Javonte Williams,rushing-yards,dal,bet365,68.5,-110,riverscasino,73.5,-114.0,5.0,9,49.58,50.42,-5.35,89.3,0.0652,0.82,,72.5,30.52,66.0
Dontayvion Wicks,receiving-yards,phi,fanatics,20.5,-135,underdog,25.5,-137.0,5.0,5,49.84,50.16,-13.23,73.53,0.0775,-6.51,,23.5,25.7,43.0
DeMario Douglas,receiving-yards,nwe,fanatics,15.5,-135,riverscasino,20.5,-118.0,5.0,9,51.49,48.51,-10.37,79.25,0.0768,-3.49,,18.39,25.93,45.0
Ja'Marr Chase,receiving-yards,cin,caesars,85.5,-117,draftkings,90.5,-114.0,5.0,9,50.3,49.7,-6.71,86.59,0.0393,-3.04,,87.28,50.7,72.0
Jalen Nailor,receiving-yards,lvr,fanatics,15.5,-135,underdog,20.5,-137.0,5.0,5,49.84,50.16,-13.23,73.53,0.0806,-6.24,,18.5,24.7,51.0
Jameson Williams,receiving-yards,det,bet365,55.5,-110,riverscasino,60.5,-115.0,5.0,9,49.48,50.52,-5.54,88.91,0.0462,-1.17,,58.06,43.13,46.0
Mark Andrews,receiving-yards,bal,fanatics,30.5,-135,riverscasino,35.5,-112.0,5.0,9,52.09,47.91,-9.32,81.36,0.0631,-3.6,,33.17,31.57,114.0
Mike Evans,receiving-yards,sfo,bet365,46.5,-110,draftkings,51.5,-110.0,5.0,9,50.0,50.0,-4.55,90.91,0.0463,-0.13,,49.61,43.03,167.0
Malik Willis,rushing-yards,mia,fanatics,35.5,-115,underdog,40.5,-137.0,5.0,5,48.06,51.94,-10.15,79.7,0.0958,-1.54,,38.5,20.77,20.0
Kenneth Walker,rushing-yards,kan,prizepicks,59.5,-137,draftkings,64.5,-114.0,5.0,9,52.04,47.96,-9.97,80.06,,,"insufficient history (0 games, need 6+)",,,
Kyler Murray,passing-yards,min,fanatics,220.5,-110,bet365,225.5,-110.0,5.0,9,50.0,50.0,-4.55,90.91,0.0279,-1.89,,222.5,71.52,82.0
Malik Nabers,rushing-and-receiving-yards,nyg,bet365,60.5,-115,underdog,65.5,-137.0,5.0,2,48.06,51.94,-10.15,79.7,0.0468,-5.95,,63.0,42.61,18.0
Puka Nacua,receiving-yards,,bet365,86.5,-110,underdog,91.5,-137.0,5.0,9,47.54,52.46,-9.25,81.51,0.0398,-5.64,,90.17,50.05,42.0
Saquon Barkley,rushing-and-receiving-yards,phi,riverscasino,94.5,-113,draftkings,99.5,-111.0,5.0,9,50.21,49.79,-5.36,89.29,0.0388,-1.69,,97.5,51.42,102.0
Ryan Flournoy,receiving-yards,dal,prizepicks,20.5,-137,fanatics,25.5,-125.0,5.0,5,50.99,49.01,-11.79,76.43,0.0635,-6.19,,22.1,31.36,25.0
Rhamondre Stevenson,rushing-yards,nwe,riverscasino,40.5,-114,fanatics,45.5,-125.0,5.0,9,48.95,51.05,-8.11,83.78,0.0588,-2.7,,43.39,33.87,65.0
Terry McLaurin,receiving-yards,was,draftkings,47.5,-115,underdog,52.5,-137.0,5.0,9,48.06,51.94,-10.15,79.7,0.0586,-4.88,,51.06,33.99,99.0
Travis Kelce,receiving-yards,kan,bet365,36.5,-110,draftkings,41.5,-114.0,5.0,9,49.58,50.42,-5.35,89.3,0.0546,-0.18,,40.72,36.45,185.0
Travis Etienne,receiving-yards,nor,fanatics,15.5,-125,bet365,20.5,-110.0,5.0,5,51.47,48.53,-7.35,85.29,0.1209,3.85,,19.3,16.39,61.0
Tucker Kraft,receiving-yards,gnb,bet365,41.5,-110,riverscasino,46.5,-113.0,5.0,9,49.68,50.32,-5.15,89.69,0.0592,0.46,,45.06,33.65,40.0
Tyler Shough,passing-yards,nor,bet365,241.5,-110,draftkings,246.5,-111.0,5.0,8,49.89,50.11,-4.75,90.5,0.0197,-2.87,,244.38,101.09,10.0
