player_name,category,team,book,line,consensus_mean,other_books_count,diff,diff_pct,direction
Geno Smith,passing-tds,nyj,draftkings,1.5,0.5,6,1.0,200.0,Higher than consensus
Jordan Mason,receptions,min,fanatics,1.5,0.5,2,1.0,200.0,Higher than consensus
Jayden Daniels,passing-tds,was,fanatics,1.5,0.5,6,1.0,200.0,Higher than consensus
Rashid Shaheed,rushing-yards,sea,fanatics,5.5,2.25,4,3.25,144.44,Higher than consensus
Jalen Nailor,receptions,lvr,fanduel,2.5,1.5,4,1.0,66.67,Higher than consensus
Derrick Henry,receptions,bal,sleeper,0.5,1.5,5,-1.0,-66.67,Lower than consensus
Derrick Henry,receiving-yards,bal,fanatics,10.5,6.5,4,4.0,61.54,Higher than consensus
Tua Tagovailoa,passing-tds,atl,draftkings,0.5,1.3,5,-0.8,-61.54,Lower than consensus
Tua Tagovailoa,passing-tds,atl,riverscasino,0.5,1.3,5,-0.8,-61.54,Lower than consensus
Rashid Shaheed,rushing-yards,sea,draftkings,1.5,3.25,4,-1.75,-53.85,Lower than consensus
Jordan Mason,receptions,min,hardrock,0.5,1.0,2,-0.5,-50.0,Lower than consensus
Justin Herbert,passing-tds,lac,riverscasino,2.5,1.67,6,0.83,50.0,Higher than consensus
Justin Herbert,passing-tds,lac,fanatics,2.5,1.67,6,0.83,50.0,Higher than consensus
Jordan Mason,receptions,min,sleeper,0.5,1.0,2,-0.5,-50.0,Lower than consensus
Rashod Bateman,receptions,bal,sleeper,2.5,1.7,5,0.8,47.06,Higher than consensus
Rashod Bateman,receptions,bal,hardrock,2.5,1.7,5,0.8,47.06,Higher than consensus
Javonte Williams,receptions,dal,fanduel,2.5,1.75,4,0.75,42.86,Higher than consensus
Javonte Williams,receptions,dal,draftkings,2.5,1.75,4,0.75,42.86,Higher than consensus
Jaylen Warren,receptions,pit,hardrock,3.5,2.5,5,1.0,40.0,Higher than consensus
Dontayvion Wicks,receptions,phi,hardrock,1.5,2.5,5,-1.0,-40.0,Lower than consensus
AJ Barner,receptions,sea,fanatics,3.5,2.5,5,1.0,40.0,Higher than consensus
Adonai Mitchell,receptions,nyj,fanatics,3.5,2.5,5,1.0,40.0,Higher than consensus
Chig Okonkwo,receptions,was,fanatics,3.5,2.5,5,1.0,40.0,Higher than consensus
Odell Beckham,receiving-yards,nyg,fanatics,10.5,7.5,5,3.0,40.0,Higher than consensus
Xavier Hutchinson,receptions,hou,sleeper,1.5,2.5,5,-1.0,-40.0,Lower than consensus
Tyjae Spears,receptions,ten,fanatics,3.5,2.5,5,1.0,40.0,Higher than consensus
Tua Tagovailoa,passing-tds,atl,caesars,1.5,1.1,5,0.4,36.36,Higher than consensus
Tua Tagovailoa,passing-tds,atl,fanduel,1.5,1.1,5,0.4,36.36,Higher than consensus
Tua Tagovailoa,passing-tds,atl,hardrock,1.5,1.1,5,0.4,36.36,Higher than consensus
Tua Tagovailoa,passing-tds,atl,sleeper,1.5,1.1,5,0.4,36.36,Higher than consensus
Calvin Ridley,receptions,ten,hardrock,1.5,2.3,5,-0.8,-34.78,Lower than consensus
Calvin Ridley,receptions,ten,sleeper,1.5,2.3,5,-0.8,-34.78,Lower than consensus
TreVeyon Henderson,rushing-and-receiving-yards,nwe,caesars,41.5,30.9,5,10.6,34.3,Higher than consensus
Bucky Irving,receptions,tam,hardrock,1.5,2.25,4,-0.75,-33.33,Lower than consensus
Bucky Irving,receptions,tam,sleeper,1.5,2.25,4,-0.75,-33.33,Lower than consensus
Michael Mayer,receptions,lvr,hardrock,1.5,2.25,4,-0.75,-33.33,Lower than consensus
Michael Mayer,receptions,lvr,sleeper,1.5,2.25,4,-0.75,-33.33,Lower than consensus
David Montgomery,receiving-yards,hou,fanatics,10.5,7.9,5,2.6,32.91,Higher than consensus
Xavier Legette,receptions,car,sleeper,2.5,1.9,5,0.6,31.58,Higher than consensus
Xavier Legette,receptions,car,hardrock,2.5,1.9,5,0.6,31.58,Higher than consensus
Xavier Legette,receptions,car,draftkings,2.5,1.9,5,0.6,31.58,Higher than consensus
Joe Burrow,passing-tds,cin,draftkings,1.5,2.17,6,-0.67,-30.77,Lower than consensus
Joe Burrow,passing-tds,cin,fanatics,1.5,2.17,6,-0.67,-30.77,Lower than consensus
Joe Burrow,passing-tds,cin,riverscasino,1.5,2.17,6,-0.67,-30.77,Lower than consensus
TreVeyon Henderson,rush-attempts,nwe,caesars,7.5,5.75,4,1.75,30.43,Higher than consensus
Jalen McMillan,receptions,tam,sleeper,3.5,2.7,5,0.8,29.63,Higher than consensus
Jalen McMillan,receptions,tam,fanatics,3.5,2.7,5,0.8,29.63,Higher than consensus
DK Metcalf,receptions,pit,fanatics,4.5,3.5,5,1.0,28.57,Higher than consensus
Hunter Henry,receptions,nwe,sleeper,2.5,3.5,5,-1.0,-28.57,Lower than consensus
Xavier Legette,receptions,car,fanatics,1.5,2.1,5,-0.6,-28.57,Lower than consensus
Xavier Legette,receptions,car,fanduel,1.5,2.1,5,-0.6,-28.57,Lower than consensus
Travis Kelce,receptions,kan,fanatics,4.5,3.5,5,1.0,28.57,Higher than consensus
Travis Etienne,receptions,nor,fanduel,2.5,3.5,4,-1.0,-28.57,Lower than consensus
Stefon Diggs,receptions,was,fanatics,4.5,3.5,5,1.0,28.57,Higher than consensus
Chris Godwin,receptions,tam,fanatics,4.5,3.5,5,1.0,28.57,Higher than consensus
Mike Evans,receptions,sfo,fanatics,4.5,3.5,5,1.0,28.57,Higher than consensus
Xavier Legette,receptions,car,caesars,1.5,2.1,5,-0.6,-28.57,Lower than consensus
Geno Smith,rushing-yards,nyj,draftkings,7.5,5.9,5,1.6,27.12,Higher than consensus
Dak Prescott,rushing-yards,dal,fanatics,5.5,7.5,5,-2.0,-26.67,Lower than consensus
Joe Burrow,passing-tds,cin,hardrock,2.5,2.0,6,0.5,25.0,Higher than consensus
Joe Burrow,passing-tds,cin,caesars,2.5,2.0,6,0.5,25.0,Higher than consensus
Joe Burrow,passing-tds,cin,fanduel,2.5,2.0,6,0.5,25.0,Higher than consensus
Joe Burrow,passing-tds,cin,sleeper,2.5,2.0,6,0.5,25.0,Higher than consensus
Jayden Daniels,passing-tds,was,fanduel,0.5,0.67,6,-0.17,-25.0,Lower than consensus
Jayden Daniels,passing-tds,was,sleeper,0.5,0.67,6,-0.17,-25.0,Lower than consensus
Jayden Daniels,passing-tds,was,hardrock,0.5,0.67,6,-0.17,-25.0,Lower than consensus
Jayden Daniels,passing-tds,was,draftkings,0.5,0.67,6,-0.17,-25.0,Lower than consensus
Geno Smith,passing-tds,nyj,fanatics,0.5,0.67,6,-0.17,-25.0,Lower than consensus
Geno Smith,passing-tds,nyj,sleeper,0.5,0.67,6,-0.17,-25.0,Lower than consensus
Geno Smith,passing-tds,nyj,hardrock,0.5,0.67,6,-0.17,-25.0,Lower than consensus
Geno Smith,passing-tds,nyj,riverscasino,0.5,0.67,6,-0.17,-25.0,Lower than consensus
Javonte Williams,receptions,dal,hardrock,1.5,2.0,4,-0.5,-25.0,Lower than consensus
Jayden Daniels,passing-tds,was,riverscasino,0.5,0.67,6,-0.17,-25.0,Lower than consensus
Javonte Williams,receptions,dal,sleeper,1.5,2.0,4,-0.5,-25.0,Lower than consensus
Javonte Williams,receptions,dal,caesars,1.5,2.0,4,-0.5,-25.0,Lower than consensus
Jayden Daniels,passing-tds,was,caesars,0.5,0.67,6,-0.17,-25.0,Lower than consensus
Michael Mayer,receptions,lvr,caesars,2.5,2.0,4,0.5,25.0,Higher than consensus
Michael Mayer,receptions,lvr,fanduel,2.5,2.0,4,0.5,25.0,Higher than consensus
Michael Mayer,receptions,lvr,fanatics,2.5,2.0,4,0.5,25.0,Higher than consensus
Geno Smith,passing-tds,nyj,fanduel,0.5,0.67,6,-0.17,-25.0,Lower than consensus
Bucky Irving,receptions,tam,caesars,2.5,2.0,4,0.5,25.0,Higher than consensus
Bucky Irving,receptions,tam,draftkings,2.5,2.0,4,0.5,25.0,Higher than consensus
Bucky Irving,receptions,tam,fanduel,2.5,2.0,4,0.5,25.0,Higher than consensus
Geno Smith,passing-tds,nyj,caesars,0.5,0.67,6,-0.17,-25.0,Lower than consensus
Bucky Irving,receiving-yards,tam,fanatics,10.5,13.9,5,-3.4,-24.46,Lower than consensus
Tony Pollard,receiving-yards,ten,fanatics,10.5,8.5,5,2.0,23.53,Higher than consensus
Marvin Harrison,receptions,ari,fanduel,3.5,4.5,4,-1.0,-22.22,Lower than consensus
Courtland Sutton,receptions,den,sleeper,3.5,4.5,5,-1.0,-22.22,Lower than consensus
Parker Washington,receptions,jax,fanduel,3.5,4.5,5,-1.0,-22.22,Lower than consensus
Tee Higgins,receptions,cin,fanatics,5.5,4.5,5,1.0,22.22,Higher than consensus
Samaje Perine,rush-attempts,cin,fanatics,5.5,4.5,2,1.0,22.22,Higher than consensus
Michael Pittman,receptions,pit,fanduel,3.5,4.5,5,-1.0,-22.22,Lower than consensus
Tyler Shough,rush-attempts,nor,draftkings,3.5,4.5,2,-1.0,-22.22,Lower than consensus
George Pickens,receptions,dal,fanduel,5.5,4.5,5,1.0,22.22,Higher than consensus
Bo Nix,rush-attempts,den,draftkings,3.5,4.5,3,-1.0,-22.22,Lower than consensus
Christian Watson,receptions,gnb,hardrock,4.5,3.7,5,0.8,21.62,Higher than consensus
Christian Watson,receptions,gnb,sleeper,4.5,3.7,5,0.8,21.62,Higher than consensus
Rashod Bateman,receptions,bal,fanatics,1.5,1.9,5,-0.4,-21.05,Lower than consensus
Rashod Bateman,receptions,bal,caesars,1.5,1.9,5,-0.4,-21.05,Lower than consensus
Rashod Bateman,receptions,bal,draftkings,1.5,1.9,5,-0.4,-21.05,Lower than consensus
Rashod Bateman,receptions,bal,fanduel,1.5,1.9,5,-0.4,-21.05,Lower than consensus
Justice Hill,rushing-yards,bal,caesars,7.5,9.5,4,-2.0,-21.05,Lower than consensus
Justice Hill,rushing-yards,bal,fanatics,10.5,8.75,4,1.75,20.0,Higher than consensus
Harold Fannin,receptions,cle,sleeper,4.5,3.75,4,0.75,20.0,Higher than consensus
Harold Fannin,receptions,cle,fanduel,4.5,3.75,4,0.75,20.0,Higher than consensus
Calvin Ridley,receptions,ten,draftkings,2.5,2.1,5,0.4,19.05,Higher than consensus
Calvin Ridley,receptions,ten,caesars,2.5,2.1,5,0.4,19.05,Higher than consensus
Calvin Ridley,receptions,ten,fanduel,2.5,2.1,5,0.4,19.05,Higher than consensus
Calvin Ridley,receptions,ten,fanatics,2.5,2.1,5,0.4,19.05,Higher than consensus
Noah Gray,receiving-yards,kan,fanatics,10.5,8.83,3,1.67,18.87,Higher than consensus
Terry McLaurin,receptions,was,caesars,3.5,4.3,5,-0.8,-18.6,Lower than consensus
Terry McLaurin,receptions,was,fanduel,3.5,4.3,5,-0.8,-18.6,Lower than consensus
Tucker Kraft,receptions,gnb,sleeper,3.5,4.3,5,-0.8,-18.6,Lower than consensus
Tucker Kraft,receptions,gnb,fanduel,3.5,4.3,5,-0.8,-18.6,Lower than consensus
Justin Herbert,passing-tds,lac,caesars,1.5,1.83,6,-0.33,-18.18,Lower than consensus
Justin Herbert,passing-tds,lac,hardrock,1.5,1.83,6,-0.33,-18.18,Lower than consensus
Tyjae Spears,rush-attempts,ten,sleeper,4.5,5.5,2,-1.0,-18.18,Lower than consensus
Drake Maye,rush-attempts,nwe,fanatics,4.5,5.5,5,-1.0,-18.18,Lower than consensus
Justin Herbert,passing-tds,lac,sleeper,1.5,1.83,6,-0.33,-18.18,Lower than consensus
Justin Jefferson,receptions,min,fanatics,6.5,5.5,5,1.0,18.18,Higher than consensus
Justin Herbert,passing-tds,lac,fanduel,1.5,1.83,6,-0.33,-18.18,Lower than consensus
Kyler Murray,rush-attempts,min,hardrock,4.5,5.5,2,-1.0,-18.18,Lower than consensus
Justin Herbert,passing-tds,lac,draftkings,1.5,1.83,6,-0.33,-18.18,Lower than consensus
Jahan Dotson,receiving-yards,atl,fanatics,15.5,18.9,5,-3.4,-17.99,Lower than consensus
Rashid Shaheed,rushing-yards,sea,fanduel,2.5,3.0,4,-0.5,-16.67,Lower than consensus
Rashid Shaheed,rushing-yards,sea,caesars,2.5,3.0,4,-0.5,-16.67,Lower than consensus
Rashid Shaheed,rushing-yards,sea,riverscasino,2.5,3.0,4,-0.5,-16.67,Lower than consensus
Rashid Shaheed,rushing-and-receiving-yards,sea,riverscasino,42.5,36.5,4,6.0,16.44,Higher than consensus
Breece Hall,receiving-yards,nyj,fanatics,15.5,18.5,5,-3.0,-16.22,Lower than consensus
Tyler Shough,rushing-yards,nor,riverscasino,14.5,17.25,4,-2.75,-15.94,Lower than consensus
Jonathan Taylor,receiving-yards,ind,fanduel,18.5,16.0,4,2.5,15.62,Higher than consensus
Caleb Williams,rush-attempts,chi,draftkings,4.5,3.9,5,0.6,15.38,Higher than consensus
Caleb Williams,rush-attempts,chi,fanatics,4.5,3.9,5,0.6,15.38,Higher than consensus
Derrick Henry,receptions,bal,fanduel,1.5,1.3,5,0.2,15.38,Higher than consensus
Caleb Williams,rush-attempts,chi,caesars,4.5,3.9,5,0.6,15.38,Higher than consensus
Jaxson Dart,rush-attempts,nyg,fanduel,5.5,6.5,4,-1.0,-15.38,Lower than consensus
Joe Burrow,rushing-yards,cin,fanatics,5.5,6.5,5,-1.0,-15.38,Lower than consensus
Lamar Jackson,rush-attempts,bal,fanatics,7.5,6.5,4,1.0,15.38,Higher than consensus
Deshaun Watson,rushing-yards,cle,fanduel,19.5,16.9,5,2.6,15.38,Higher than consensus
Derrick Henry,receptions,bal,caesars,1.5,1.3,5,0.2,15.38,Higher than consensus
Derrick Henry,receptions,bal,fanatics,1.5,1.3,5,0.2,15.38,Higher than consensus
Derrick Henry,receptions,bal,hardrock,1.5,1.3,5,0.2,15.38,Higher than consensus
Derrick Henry,receptions,bal,draftkings,1.5,1.3,5,0.2,15.38,Higher than consensus
TreVeyon Henderson,rushing-yards,nwe,caesars,22.5,19.5,4,3.0,15.38,Higher than consensus
D'Andre Swift,receiving-yards,chi,fanatics,15.5,13.5,4,2.0,14.81,Higher than consensus
Jerry Jeudy,receiving-yards,cle,riverscasino,26.5,31.1,5,-4.6,-14.79,Lower than consensus
Caleb Williams,rush-attempts,chi,sleeper,3.5,4.1,5,-0.6,-14.63,Lower than consensus
Caleb Williams,rush-attempts,chi,fanduel,3.5,4.1,5,-0.6,-14.63,Lower than consensus
Caleb Williams,rush-attempts,chi,hardrock,3.5,4.1,5,-0.6,-14.63,Lower than consensus
Jalen Nailor,receptions,lvr,sleeper,1.5,1.75,4,-0.25,-14.29,Lower than consensus
Jalen Nailor,receptions,lvr,hardrock,1.5,1.75,4,-0.25,-14.29,Lower than consensus
Jalen Nailor,receptions,lvr,fanatics,1.5,1.75,4,-0.25,-14.29,Lower than consensus
Jalen Nailor,receptions,lvr,caesars,1.5,1.75,4,-0.25,-14.29,Lower than consensus
Justice Hill,rushing-and-receiving-yards,bal,fanatics,20.5,23.9,5,-3.4,-14.23,Lower than consensus
Braelon Allen,rushing-yards,nyj,fanatics,15.5,18.0,4,-2.5,-13.89,Lower than consensus
Tyquan Thornton,receiving-yards,kan,fanatics,15.5,18.0,4,-2.5,-13.89,Lower than consensus
Jalen McMillan,receptions,tam,fanduel,2.5,2.9,5,-0.4,-13.79,Lower than consensus
Jalen McMillan,receptions,tam,caesars,2.5,2.9,5,-0.4,-13.79,Lower than consensus
Jalen McMillan,receptions,tam,hardrock,2.5,2.9,5,-0.4,-13.79,Lower than consensus
Justin Herbert,rush-attempts,lac,fanatics,5.5,4.83,3,0.67,13.79,Higher than consensus
Justin Herbert,rush-attempts,lac,draftkings,5.5,4.83,3,0.67,13.79,Higher than consensus
Jalen McMillan,receptions,tam,draftkings,2.5,2.9,5,-0.4,-13.79,Lower than consensus
TreVeyon Henderson,receiving-yards,nwe,riverscasino,6.5,7.5,4,-1.0,-13.33,Lower than consensus
Derrick Henry,receiving-yards,bal,sleeper,6.5,7.5,4,-1.0,-13.33,Lower than consensus
Derrick Henry,receiving-yards,bal,caesars,6.5,7.5,4,-1.0,-13.33,Lower than consensus
Derrick Henry,receiving-yards,bal,fanduel,6.5,7.5,4,-1.0,-13.33,Lower than consensus
Derrick Henry,receiving-yards,bal,draftkings,6.5,7.5,4,-1.0,-13.33,Lower than consensus
Mark Andrews,receiving-yards,bal,fanatics,30.5,35.1,5,-4.6,-13.11,Lower than consensus
Justin Herbert,rush-attempts,lac,hardrock,4.5,5.17,3,-0.67,-12.9,Lower than consensus
Justin Herbert,rush-attempts,lac,sleeper,4.5,5.17,3,-0.67,-12.9,Lower than consensus
Geno Smith,rushing-yards,nyj,riverscasino,5.5,6.3,5,-0.8,-12.7,Lower than consensus
Geno Smith,rushing-yards,nyj,fanatics,5.5,6.3,5,-0.8,-12.7,Lower than consensus
Geno Smith,rushing-yards,nyj,fanduel,5.5,6.3,5,-0.8,-12.7,Lower than consensus
Travis Etienne,receiving-yards,nor,fanatics,15.5,17.75,4,-2.25,-12.68,Lower than consensus
Tyler Shough,rush-attempts,nor,sleeper,4.5,4.0,2,0.5,12.5,Higher than consensus
Harold Fannin,receptions,cle,draftkings,3.5,4.0,4,-0.5,-12.5,Lower than consensus
Harold Fannin,receptions,cle,caesars,3.5,4.0,4,-0.5,-12.5,Lower than consensus
Harold Fannin,receptions,cle,hardrock,3.5,4.0,4,-0.5,-12.5,Lower than consensus
Cam Skattebo,rush-attempts,nyg,fanduel,13.5,12.0,4,1.5,12.5,Higher than consensus
Tyler Shough,rush-attempts,nor,hardrock,4.5,4.0,2,0.5,12.5,Higher than consensus
Deshaun Watson,rushing-yards,cle,riverscasino,15.5,17.7,5,-2.2,-12.43,Lower than consensus
Brock Purdy,rushing-yards,sfo,fanatics,15.5,17.7,5,-2.2,-12.43,Lower than consensus
Deshaun Watson,rushing-yards,cle,fanatics,15.5,17.7,5,-2.2,-12.43,Lower than consensus
Trevor Lawrence,rushing-yards,jax,draftkings,18.5,16.5,5,2.0,12.12,Higher than consensus
TreVeyon Henderson,rush-attempts,nwe,draftkings,5.5,6.25,4,-0.75,-12.0,Lower than consensus
TreVeyon Henderson,rush-attempts,nwe,sleeper,5.5,6.25,4,-0.75,-12.0,Lower than consensus
TreVeyon Henderson,rush-attempts,nwe,hardrock,5.5,6.25,4,-0.75,-12.0,Lower than consensus
David Montgomery,receiving-yards,hou,riverscasino,7.5,8.5,5,-1.0,-11.76,Lower than consensus
David Montgomery,receiving-yards,hou,fanduel,7.5,8.5,5,-1.0,-11.76,Lower than consensus
Chris Rodriguez,rush-attempts,jax,draftkings,7.5,8.5,5,-1.0,-11.76,Lower than consensus
Harrison Mevis,kicking-points,,draftkings,7.5,8.5,2,-1.0,-11.76,Lower than consensus
David Montgomery,receiving-yards,hou,sleeper,7.5,8.5,5,-1.0,-11.76,Lower than consensus
TreVeyon Henderson,rushing-and-receiving-yards,nwe,riverscasino,29.5,33.3,5,-3.8,-11.41,Lower than consensus
TreVeyon Henderson,rushing-and-receiving-yards,nwe,draftkings,29.5,33.3,5,-3.8,-11.41,Lower than consensus
Jauan Jennings,receiving-yards,min,fanatics,20.5,23.1,5,-2.6,-11.26,Lower than consensus
Jaxson Dart,rushing-yards,nyg,draftkings,32.5,29.25,4,3.25,11.11,Higher than consensus
Tyjae Spears,rushing-yards,ten,fanduel,22.5,20.3,5,2.2,10.84,Higher than consensus
Saquon Barkley,rush-attempts,phi,fanduel,16.5,18.5,5,-2.0,-10.81,Lower than consensus
Xavier Legette,receiving-yards,car,fanatics,20.5,18.5,4,2.0,10.81,Higher than consensus
Cole Kmet,receiving-yards,chi,fanatics,15.5,14.0,4,1.5,10.71,Higher than consensus
James Cook,receiving-yards,buf,fanatics,15.5,14.0,4,1.5,10.71,Higher than consensus
Bucky Irving,receiving-yards,tam,draftkings,14.5,13.1,5,1.4,10.69,Higher than consensus
Bucky Irving,receiving-yards,tam,riverscasino,14.5,13.1,5,1.4,10.69,Higher than consensus
Hunter Henry,receiving-yards,nwe,fanatics,30.5,34.1,5,-3.6,-10.56,Lower than consensus
Noah Gray,receiving-yards,kan,sleeper,8.5,9.5,3,-1.0,-10.53,Lower than consensus
Blake Corum,rush-attempts,,fanduel,8.5,9.5,4,-1.0,-10.53,Lower than consensus
Jaylen Warren,rush-attempts,pit,fanduel,10.5,9.5,5,1.0,10.53,Higher than consensus
Quinshon Judkins,receiving-yards,cle,riverscasino,8.5,9.5,4,-1.0,-10.53,Lower than consensus
Noah Gray,receiving-yards,kan,caesars,8.5,9.5,3,-1.0,-10.53,Lower than consensus
Mike Evans,longest-reception,sfo,fanduel,21.5,19.5,2,2.0,10.26,Higher than consensus
Xavier Hutchinson,receiving-yards,hou,draftkings,17.5,19.5,4,-2.0,-10.26,Lower than consensus
Christian Watson,receptions,gnb,draftkings,3.5,3.9,5,-0.4,-10.26,Lower than consensus
Christian Watson,receptions,gnb,fanatics,3.5,3.9,5,-0.4,-10.26,Lower than consensus
Christian Watson,receptions,gnb,caesars,3.5,3.9,5,-0.4,-10.26,Lower than consensus
Christian Watson,receptions,gnb,fanduel,3.5,3.9,5,-0.4,-10.26,Lower than consensus
Breece Hall,receiving-yards,nyj,riverscasino,19.5,17.7,5,1.8,10.17,Higher than consensus
Chris Rodriguez,rushing-yards,jax,fanatics,30.5,33.9,5,-3.4,-10.03,Lower than consensus
Kyler Murray,rush-attempts,min,sleeper,5.5,5.0,2,0.5,10.0,Higher than consensus
Kyler Murray,rush-attempts,min,draftkings,5.5,5.0,2,0.5,10.0,Higher than consensus
Samaje Perine,rush-attempts,cin,sleeper,4.5,5.0,2,-0.5,-10.0,Lower than consensus
Samaje Perine,rush-attempts,cin,hardrock,4.5,5.0,2,-0.5,-10.0,Lower than consensus
Tyjae Spears,rush-attempts,ten,hardrock,5.5,5.0,2,0.5,10.0,Higher than consensus
Tyjae Spears,rush-attempts,ten,fanatics,5.5,5.0,2,0.5,10.0,Higher than consensus
